path,bytes,sha256
FINAL_VERIFICATION.md,800,63458f0c9661848ace25c760f165fe944c85c7399850fe4c19fe532e3dccf033
analysis/demo/ac6-demo-pal-cert-monitor-metric-table-v1.csv,1208,7350daf2014c7a51092eed59bcfd73953e76f7016e4aa17e36455c3612229a10
analysis/demo/ac6-demo-pal-function-evidence-v1.csv,793,5a4c13e4112a36759af095517749aee802d9dc19562076a0c8c5092b8cb98e0e
analysis/demo/ac6-demo-pal-render-monitor-correction-v1.json,1919,f59892673e28f1903233ff4a86e3de1f898a285724bc9a60afe56055c87a1fca
analysis/demo/ac6-demo-pal-render-monitor-scope-v1.csv,670,541f78d09b476a55a041649fb7696eeb3332f3f033890e97dc32e44a629b1fa5
analysis/demo/ac6-demo-pal-unit-factory-table-v1.csv,702,e1adeb73a49a4643c4ae47f0edea2acf036fbd778971757c4560072fd51554a3
reports/AC6_DEMO_PAL_CERT_MONITOR_RENDERER_CORRECTION.md,8530,ef11a89153df59ac27e0e55060b705a1b807b13d3c9af846677dcd07f342ee72
reports/AC6_DEMO_PAL_NEXT_COMMAND_BUFFER_FRONTIER.md,1203,64696ce0c30f18fc1487206cfb6369ea560f964930582695caeb4903b1fa9a76
tools/verify_ac6_pal_cert_monitor_renderer.py,5661,c427965714291878c3621d4c3aecf1f221cbb69773d1cc768ab578447d717f77
