entry	sub	record	desc	stride	verts	indices	restarts	minx	maxx	miny	maxy	minz	maxz
0	10	0	0	28	1343	2582	445	-23.7850	23.7850	-3.1510	11.8287	-24.2550	24.2550
0	10	1	0	28	156	395	43	-4.6759	4.6759	-0.9383	0.9383	-4.6283	4.6283
0	11	0	0	28	444	761	125	-23.7850	23.7850	-3.1501	11.8287	-24.2550	24.2550
0	11	1	0	28	71	167	23	-4.6708	4.6708	-0.9383	0.9383	-4.6708	4.6708
0	12	0	0	28	58	81	13	-23.7850	23.7850	-1.6568	11.8287	-24.2550	24.2550
0	13	0	0	28	6	7	1	-25.3512	25.3512	-2.0083	3.4829	-25.4494	25.4494
2	12	0	0	28	7601	10907	1956	-1204.7250	1204.7250	-95.8118	74.1266	-768.6426	313.4750
2	12	0	1	28	96	119	23	-81.8529	81.8529	-16.7038	30.1114	-223.3232	232.6333
2	12	1	0	28	24	29	5	-15.6783	15.6783	-0.0000	1.8446	-10.1736	-0.0000
2	12	2	0	28	18	22	4	-15.6783	15.6783	0.0000	1.8446	0.0000	9.0519
2	12	3	0	28	24	29	5	-15.6783	15.6783	0.0000	1.8446	0.0000	10.1736
2	12	4	0	28	18	22	4	-15.6783	15.6783	0.0000	1.8446	-9.0519	-0.0000
2	12	5	0	28	24	29	5	-15.6783	15.6782	-0.0000	1.8446	-10.1736	0.0000
2	12	6	0	28	18	22	4	-15.6783	15.6783	0.0000	1.8446	-9.0519	-0.0000
2	12	7	0	28	24	29	5	-15.6783	15.6783	-0.0000	1.8446	-10.1736	0.0000
2	12	8	0	28	18	22	4	-15.6783	15.6783	-0.0000	1.8446	-0.0000	9.0519
2	12	9	0	28	24	29	5	-15.6783	15.6783	0.0000	1.8446	0.0000	10.1736
2	12	10	0	28	18	22	4	-15.6783	15.6783	-0.0000	1.8446	-9.0518	0.0000
2	12	11	0	28	24	29	5	-15.6783	15.6782	-0.0000	1.8446	-10.1735	0.0000
2	12	12	0	28	18	22	4	-15.6783	15.6783	0.0000	1.8446	-9.0519	-0.0000
2	12	13	0	28	24	29	5	-15.6783	15.6783	0.0000	1.8446	-10.1736	0.0000
2	12	14	0	28	18	22	4	-15.6783	15.6783	-0.0000	1.8446	-0.0000	9.0518
2	12	15	0	28	24	29	5	-15.6782	15.6784	-0.0000	1.8446	0.0000	10.1736
2	12	16	0	28	18	22	4	-15.6784	15.6782	-0.0000	1.8446	-9.0519	-0.0000
2	12	17	0	28	24	29	5	-15.6783	15.6782	-0.0001	1.8446	-10.1735	0.0000
2	12	18	0	28	18	22	4	-15.6783	15.6783	-0.0000	1.8446	-9.0518	0.0000
2	12	19	0	28	24	29	5	-15.6783	15.6783	-0.0000	1.8446	-10.1736	-0.0000
2	12	20	0	28	18	22	4	-15.6783	15.6783	-0.0000	1.8446	0.0000	9.0519
2	12	21	0	28	24	29	5	-15.6783	15.6783	-0.0000	1.8446	-0.0000	10.1736
2	12	22	0	28	18	22	4	-15.6783	15.6783	-0.0000	1.8446	-9.0518	0.0000
2	12	23	0	28	24	29	5	-15.6783	15.6783	-0.0000	1.8446	-10.1736	0.0000
2	12	24	0	28	18	22	4	-15.6783	15.6784	-0.0000	1.8446	-9.0519	-0.0000
2	12	25	0	28	24	29	5	-15.6783	15.6783	-0.0000	1.8446	-10.1736	0.0000
2	12	26	0	28	18	22	4	-15.6783	15.6783	-0.0000	1.8446	0.0001	9.0519
2	12	27	0	28	24	29	5	-15.6783	15.6783	0.0000	1.8446	-0.0000	10.1736
2	12	28	0	28	18	22	4	-15.6783	15.6783	-0.0000	1.8446	-9.0518	0.0000
2	12	29	0	28	24	29	5	-15.6783	15.6782	0.0000	1.8446	-10.1736	-0.0000
2	12	30	0	28	18	22	4	-15.6782	15.6784	-0.0000	1.8446	-9.0519	-0.0000
2	12	31	0	28	24	29	5	-15.6783	15.6783	-0.0000	1.8446	-10.1736	-0.0000
2	12	32	0	28	18	22	4	-15.6783	15.6783	0.0000	1.8446	-0.0000	9.0519
2	12	33	0	28	24	29	5	-15.6783	15.6783	0.0000	1.8446	0.0000	10.1736
2	12	34	0	28	18	22	4	-15.6783	15.6783	-0.0000	1.8446	-9.0519	-0.0000
2	12	35	0	28	24	29	5	-15.6783	15.6783	0.0000	1.8446	-10.1736	0.0000
2	12	36	0	28	18	22	4	-15.6782	15.6783	0.0000	1.8446	-9.0519	-0.0000
2	12	37	0	28	24	29	5	-15.6783	15.6783	0.0000	1.8446	-10.1736	-0.0001
2	12	38	0	28	18	22	4	-15.6783	15.6783	-0.0000	1.8446	0.0000	9.0519
2	12	39	0	28	24	29	5	-15.6782	15.6783	0.0000	1.8446	0.0000	10.1736
2	12	40	0	28	18	22	4	-15.6783	15.6783	-0.0000	1.8446	-9.0519	-0.0000
2	12	41	0	28	24	29	5	-15.6783	15.6783	0.0000	1.8446	-10.1736	-0.0000
2	12	42	0	28	18	22	4	-15.6783	15.6782	-0.0000	1.8446	-9.0519	0.0000
2	12	43	0	28	330	545	77	-703.5458	703.5458	3.3063	54.1288	28.9648	312.9613
2	12	44	0	28	24	29	5	-5.2100	5.2100	-27.4701	1.6535	-57.4756	-0.0000
2	12	45	0	28	24	29	5	-5.2100	5.2100	-27.4701	1.6535	0.0000	57.4756
2	12	46	0	28	24	29	5	-5.2100	5.2100	-27.4701	1.6605	-57.4756	0.0000
2	12	47	0	28	24	29	5	-5.2100	5.2100	-27.4702	1.6604	0.0000	57.4756
2	12	48	0	28	24	29	5	-5.1537	5.2662	-27.4702	1.6674	-57.4756	0.0000
2	12	49	0	28	24	29	5	-5.1537	5.2662	-27.4702	1.6674	-0.0000	57.4756
2	12	50	0	28	24	29	5	-5.1537	5.2662	-27.4702	1.6744	-57.4756	0.0001
2	12	51	0	28	24	29	5	-5.1537	5.2662	-27.4702	1.6744	-0.0001	57.4756
2	12	52	0	28	78	113	19	-90.0369	118.6824	-3.5090	10.7441	-69.9863	8.1961
2	12	53	0	28	78	113	19	-118.6824	90.0369	-3.5090	10.7441	-69.9863	8.1961
2	12	54	0	28	14	17	3	-45.6895	60.6824	-1.5224	1.5048	-0.5666	32.7611
2	12	55	0	28	14	17	3	-45.6894	60.6823	-1.5224	1.5048	-32.7611	0.5666
2	12	56	0	28	14	17	3	-60.6912	45.6891	-1.5224	1.5048	-32.7811	0.5666
2	12	57	0	28	14	17	3	-60.7000	45.6886	-1.5224	1.5048	-32.8013	0.5666
2	12	58	0	28	14	17	3	-85.0146	100.1412	-1.4974	1.4833	-0.4633	32.9523
2	12	59	0	28	14	17	3	-85.0147	100.1411	-1.4974	1.4833	-32.9524	0.4632
2	12	60	0	28	14	17	3	-60.6912	45.6891	-1.5224	1.5048	-0.5666	32.7811
2	12	61	0	28	14	17	3	-60.7000	45.6887	-1.5224	1.5048	-0.5666	32.8013
2	12	62	0	28	34	44	8	159.2345	261.8084	-8.0698	-2.8086	-112.2418	-18.3549
2	12	63	0	28	32	39	7	136.3747	316.5492	-16.3242	-3.9086	-0.3187	22.4622
2	12	64	0	28	40	53	9	138.6534	331.5513	-19.8083	-7.3907	-34.0120	16.1274
2	12	65	0	28	32	39	7	441.7684	544.3444	-21.0304	-17.9021	-209.9236	-149.3439
2	12	66	0	28	18	22	4	147.1887	328.4757	-14.6295	-11.2233	-29.0486	-3.9575
2	12	67	0	28	32	39	7	441.0352	543.6342	-19.8502	-18.1502	-256.4231	-195.6837
2	12	68	0	28	34	44	8	-51.1931	51.3808	-2.6306	2.6306	-51.4401	42.4468
2	12	69	0	28	32	39	7	-84.7807	95.3936	-6.2041	6.2114	0.0000	22.7809
2	12	70	0	28	43	56	10	-109.9954	82.9136	-7.3551	5.0624	-54.0731	-3.9470
2	12	71	0	28	32	39	7	-545.6452	-443.0692	-13.4700	-10.3417	-207.1362	-146.5566
2	12	72	0	28	18	22	4	-98.8529	82.4389	-2.2266	1.1677	-30.1280	-5.0675
2	12	73	0	28	32	39	7	-545.6382	-443.0395	-12.0287	-10.3279	-252.1267	-191.3867
2	12	74	0	28	16	19	3	-13.7016	13.7015	-3.1238	3.1238	-24.6807	34.1838
2	12	75	0	28	34	42	8	-45.3736	55.7419	-6.0895	6.5431	-0.0000	22.7099
2	12	76	0	28	40	53	9	-43.3341	70.3809	-7.2740	5.6193	3.8483	53.8186
2	12	77	0	28	16	19	3	-13.7026	13.7026	-2.3443	1.7699	-6.3854	19.2946
2	12	78	0	28	18	22	4	-43.0098	59.3677	-1.8745	1.6414	4.9284	29.9179
2	12	79	0	28	16	19	3	-13.7030	13.7030	-1.3524	1.3524	-6.3854	19.4783
2	12	80	0	28	16	19	3	-13.7016	13.7015	-3.1238	3.1238	-34.1838	24.6807
2	12	81	0	28	34	42	8	-45.3735	55.7419	-6.0896	6.5431	-22.7100	0.0000
2	12	82	0	28	40	53	9	-43.3341	70.3810	-7.2740	5.6193	-53.8186	-3.8483
2	12	83	0	28	18	22	4	-43.0098	59.3677	-1.8745	1.6414	-29.9178	-4.9283
2	12	84	0	28	16	19	3	-361.1396	-333.7336	-14.6064	-11.9016	-218.2756	-192.4120
2	12	85	0	28	16	19	3	-361.1406	-333.7355	-16.0118	-11.8975	-173.3531	-147.6732
2	12	86	0	28	16	19	3	-13.7015	13.7015	-3.1238	3.1238	-34.1838	24.6807
2	12	87	0	28	34	42	8	-45.3735	55.7419	-6.0895	6.5431	-0.0002	22.7098
2	12	88	0	28	40	53	9	-43.3343	70.3780	-7.2740	5.6193	3.8506	53.8224
2	12	89	0	28	18	22	4	-43.0015	59.3732	-2.1345	1.3814	4.9335	29.9143
2	12	90	0	28	16	19	3	-13.7030	13.7029	-1.6131	1.0917	-19.4782	6.3854
2	12	91	0	28	16	19	3	-13.7026	13.7025	-2.3443	1.7699	-19.2944	6.3854
2	12	92	0	28	16	19	3	-13.7015	13.7015	-3.1238	3.1238	-34.1838	24.6807
2	12	93	0	28	34	42	8	-45.3734	55.7419	-6.0896	6.5431	-22.7098	0.0002
2	12	94	0	28	40	53	9	-43.3341	70.3810	-7.2740	5.6193	-53.8183	-3.8481
2	12	95	0	28	16	19	3	-278.9315	-251.5264	-19.0572	-14.9430	-211.6599	-185.9800
2	12	96	0	28	18	22	4	-43.0010	59.3765	-2.1351	1.3809	-29.9177	-4.9283
2	12	97	0	28	16	19	3	-278.9305	-251.5246	-17.6518	-14.9470	-256.5824	-230.7188
2	12	98	0	28	16	19	3	-13.7015	13.7015	-3.1238	3.1238	-34.1838	24.6808
2	12	99	0	28	34	42	8	-45.3735	55.7419	-6.0896	6.5431	0.0001	22.7100
2	12	100	0	28	40	53	9	-43.3344	70.3780	-7.2740	5.6193	3.8507	53.8223
2	12	101	0	28	18	22	4	-43.0015	59.3732	-2.1345	1.3815	4.9337	29.9145
2	12	102	0	28	16	19	3	-13.7030	13.7030	-1.6131	1.0917	-19.4783	6.3853
2	12	103	0	28	16	19	3	-13.7026	13.7025	-2.3443	1.7699	-19.2944	6.3855
2	12	104	0	28	16	19	3	-13.7015	13.7015	-3.1238	3.1238	-34.1837	24.6808
2	12	105	0	28	34	42	8	-45.3735	55.7420	-6.0895	6.5431	-22.7099	0.0000
2	12	106	0	28	40	53	9	-43.3342	70.3810	-7.2740	5.6193	-53.8186	-3.8483
2	12	107	0	28	16	19	3	-196.7224	-169.3173	-22.1027	-17.9884	-249.9668	-224.2869
2	12	108	0	28	18	22	4	-43.0010	59.3765	-2.1351	1.3809	-29.9180	-4.9285
2	12	109	0	28	16	19	3	-196.7215	-169.3155	-20.6973	-17.9925	-294.8893	-269.0257
2	13	0	0	28	3924	5519	1049	-1204.7250	1204.7250	-95.8118	74.1267	-768.6506	314.3156
2	13	1	0	28	24	29	5	-15.6783	15.6783	-0.0000	1.8446	-10.1736	-0.0000
2	13	2	0	28	18	22	4	-15.6783	15.6783	0.0000	1.8446	0.0000	9.0519
2	13	3	0	28	24	29	5	-15.6783	15.6783	0.0000	1.8446	0.0000	10.1736
2	13	4	0	28	18	22	4	-15.6783	15.6783	0.0000	1.8446	-9.0519	-0.0000
2	13	5	0	28	24	29	5	-15.6783	15.6782	-0.0000	1.8446	-10.1736	0.0000
2	13	6	0	28	18	22	4	-15.6783	15.6783	0.0000	1.8446	-9.0519	-0.0000
2	13	7	0	28	24	29	5	-15.6783	15.6783	-0.0000	1.8446	-10.1736	0.0000
2	13	8	0	28	18	22	4	-15.6783	15.6783	-0.0000	1.8446	-0.0000	9.0519
2	13	9	0	28	24	29	5	-15.6783	15.6783	-0.0000	1.8446	0.0000	10.1736
2	13	10	0	28	18	22	4	-15.6783	15.6783	-0.0000	1.8446	-9.0518	0.0000
2	13	11	0	28	24	29	5	-15.6783	15.6782	-0.0000	1.8446	-10.1735	0.0000
2	13	12	0	28	18	22	4	-15.6783	15.6783	0.0000	1.8446	-9.0519	0.0000
2	13	13	0	28	24	29	5	-15.6783	15.6783	0.0000	1.8446	-10.1736	0.0000
2	13	14	0	28	18	22	4	-15.6783	15.6783	-0.0000	1.8446	-0.0000	9.0518
2	13	15	0	28	24	29	5	-15.6782	15.6784	-0.0000	1.8446	0.0000	10.1736
2	13	16	0	28	18	22	4	-15.6784	15.6782	-0.0000	1.8446	-9.0519	-0.0000
2	13	17	0	28	24	29	5	-15.6783	15.6782	-0.0001	1.8446	-10.1735	0.0000
2	13	18	0	28	18	22	4	-15.6783	15.6783	-0.0000	1.8446	-9.0518	0.0000
2	13	19	0	28	24	29	5	-15.6783	15.6783	-0.0000	1.8446	-10.1736	-0.0000
2	13	20	0	28	18	22	4	-15.6783	15.6783	-0.0000	1.8446	0.0000	9.0519
2	13	21	0	28	24	29	5	-15.6783	15.6783	-0.0000	1.8446	-0.0000	10.1736
2	13	22	0	28	18	22	4	-15.6783	15.6783	-0.0000	1.8446	-9.0518	0.0000
2	13	23	0	28	24	29	5	-15.6783	15.6783	-0.0000	1.8446	-10.1736	0.0000
2	13	24	0	28	18	22	4	-15.6783	15.6784	-0.0000	1.8446	-9.0519	-0.0000
2	13	25	0	28	24	29	5	-15.6783	15.6783	-0.0000	1.8446	-10.1736	0.0000
2	13	26	0	28	18	22	4	-15.6783	15.6783	-0.0000	1.8446	0.0001	9.0519
2	13	27	0	28	24	29	5	-15.6783	15.6783	0.0000	1.8446	-0.0000	10.1736
2	13	28	0	28	18	22	4	-15.6783	15.6783	-0.0000	1.8446	-9.0518	0.0000
2	13	29	0	28	24	29	5	-15.6783	15.6782	0.0000	1.8446	-10.1736	-0.0000
2	13	30	0	28	18	22	4	-15.6782	15.6784	-0.0000	1.8446	-9.0519	-0.0000
2	13	31	0	28	24	29	5	-15.6783	15.6783	-0.0000	1.8446	-10.1736	-0.0000
2	13	32	0	28	18	22	4	-15.6783	15.6783	0.0000	1.8446	-0.0000	9.0519
2	13	33	0	28	24	29	5	-15.6783	15.6783	0.0000	1.8446	0.0000	10.1736
2	13	34	0	28	18	22	4	-15.6783	15.6783	-0.0000	1.8446	-9.0519	-0.0000
2	13	35	0	28	24	29	5	-15.6783	15.6783	0.0000	1.8446	-10.1736	0.0000
2	13	36	0	28	18	22	4	-15.6782	15.6783	0.0000	1.8446	-9.0519	-0.0000
2	13	37	0	28	24	29	5	-15.6783	15.6783	0.0000	1.8446	-10.1736	-0.0001
2	13	38	0	28	18	22	4	-15.6783	15.6783	-0.0000	1.8446	0.0000	9.0519
2	13	39	0	28	24	29	5	-15.6782	15.6783	0.0000	1.8446	0.0000	10.1736
2	13	40	0	28	18	22	4	-15.6783	15.6783	-0.0000	1.8446	-9.0519	-0.0000
2	13	41	0	28	24	29	5	-15.6783	15.6783	0.0000	1.8446	-10.1736	-0.0000
2	13	42	0	28	18	22	4	-15.6783	15.6782	-0.0000	1.8446	-9.0519	0.0000
2	13	43	0	28	24	29	5	-5.2100	5.2100	-27.4701	1.6535	-57.4756	-0.0000
2	13	44	0	28	24	29	5	-5.2100	5.2100	-27.4701	1.6535	0.0000	57.4756
2	13	45	0	28	24	29	5	-5.2100	5.2100	-27.4701	1.6605	-57.4756	0.0000
2	13	46	0	28	24	29	5	-5.2100	5.2100	-27.4702	1.6605	-0.0000	57.4756
2	13	47	0	28	24	29	5	-5.1538	5.2662	-27.4702	1.6674	-57.4756	-0.0000
2	13	48	0	28	24	29	5	-5.1538	5.2662	-27.4702	1.6674	0.0000	57.4756
2	13	49	0	28	24	29	5	-5.1538	5.2662	-27.4702	1.6744	-57.4756	0.0001
2	13	50	0	28	24	29	5	-5.1538	5.2662	-27.4702	1.6744	-0.0001	57.4756
2	13	51	0	28	34	44	8	164.5064	256.7243	-8.0684	-2.8101	-109.8730	-20.8112
2	13	52	0	28	32	39	7	136.3746	316.5491	-16.3242	-3.9086	-0.3187	22.4622
2	13	53	0	28	40	53	9	138.6534	331.5513	-19.8083	-7.3908	-34.0120	16.1274
2	13	54	0	28	18	22	4	147.1886	328.4757	-14.6295	-11.2233	-29.0486	-3.9575
2	13	55	0	28	34	44	8	-46.1089	46.1089	-2.6291	2.6291	-49.0712	39.9905
2	13	56	0	28	32	39	7	-84.7807	95.3937	-6.2041	6.2114	-0.0000	22.7809
2	13	57	0	28	40	53	9	-109.9953	82.9136	-7.3551	5.0624	-54.0731	-3.9470
2	13	58	0	28	18	22	4	-98.8529	82.4389	-2.2267	1.1677	-30.1280	-5.0675
2	13	59	0	28	16	19	3	-13.7016	13.7015	-3.1238	3.1238	-24.6807	34.1838
2	13	60	0	28	34	42	8	-45.3736	55.7419	-6.0895	6.5431	0.0000	22.7100
2	13	61	0	28	40	53	9	-43.3341	70.3809	-7.2740	5.6193	3.8483	53.8185
2	13	62	0	28	18	22	4	-43.0098	59.3677	-1.8745	1.6414	4.9283	29.9179
2	13	63	0	28	16	19	3	-13.7016	13.7015	-3.1238	3.1238	-34.1838	24.6807
2	13	64	0	28	34	42	8	-45.3735	55.7419	-6.0896	6.5431	-22.7100	0.0000
2	13	65	0	28	40	53	9	-43.3342	70.3809	-7.2740	5.6193	-53.8185	-3.8483
2	13	66	0	28	18	22	4	-43.0098	59.3677	-1.8745	1.6414	-29.9178	-4.9283
2	13	67	0	28	16	19	3	-13.7015	13.7015	-3.1238	3.1238	-34.1838	24.6807
2	13	68	0	28	34	42	8	-45.3735	55.7418	-6.0895	6.5431	-0.0002	22.7098
2	13	69	0	28	40	53	9	-43.3343	70.3780	-7.2740	5.6193	3.8507	53.8224
2	13	70	0	28	18	22	4	-43.0015	59.3732	-2.1345	1.3815	4.9335	29.9143
2	13	71	0	28	16	19	3	-13.7015	13.7015	-3.1238	3.1238	-34.1838	24.6807
2	13	72	0	28	34	42	8	-45.3734	55.7419	-6.0895	6.5431	-22.7098	0.0002
2	13	73	0	28	40	53	9	-43.3341	70.3810	-7.2740	5.6193	-53.8183	-3.8481
2	13	74	0	28	18	22	4	-43.0010	59.3764	-2.1351	1.3809	-29.9177	-4.9282
2	13	75	0	28	16	19	3	-13.7015	13.7015	-3.1238	3.1238	-34.1837	24.6808
2	13	76	0	28	34	42	8	-45.3735	55.7419	-6.0895	6.5431	0.0001	22.7100
2	13	77	0	28	40	53	9	-43.3344	70.3780	-7.2740	5.6193	3.8507	53.8223
2	13	78	0	28	18	22	4	-43.0015	59.3732	-2.1345	1.3815	4.9337	29.9145
2	13	79	0	28	16	19	3	-13.7015	13.7015	-3.1238	3.1238	-34.1837	24.6809
2	13	80	0	28	34	42	8	-45.3735	55.7420	-6.0895	6.5431	-22.7099	0.0000
2	13	81	0	28	40	53	9	-43.3342	70.3810	-7.2740	5.6193	-53.8186	-3.8483
2	13	82	0	28	18	22	4	-43.0010	59.3765	-2.1351	1.3809	-29.9181	-4.9286
2	13	83	0	28	62	73	11	-90.0368	118.6825	-3.5090	10.7441	-69.9862	8.1962
2	13	84	0	28	62	73	11	-118.6825	90.0368	-3.5090	10.7441	-69.9862	8.1962
2	13	85	0	28	14	17	3	-45.6894	60.6824	-1.5224	1.5048	-0.5666	32.7611
2	13	86	0	28	14	17	3	-45.6894	60.6823	-1.5224	1.5048	-32.7611	0.5667
2	13	87	0	28	14	17	3	-60.6912	45.6891	-1.5224	1.5048	-32.7811	0.5666
2	13	88	0	28	14	17	3	-60.7000	45.6886	-1.5224	1.5048	-32.8013	0.5666
2	13	89	0	28	14	17	3	-85.0145	100.1414	-1.4974	1.4833	-0.4633	32.9523
2	13	90	0	28	14	17	3	-85.0146	100.1412	-1.4974	1.4833	-32.9524	0.4632
2	13	91	0	28	14	17	3	-60.6912	45.6891	-1.5224	1.5048	-0.5666	32.7811
2	13	92	0	28	14	17	3	-60.7000	45.6887	-1.5224	1.5048	-0.5666	32.8013
2	14	0	0	28	1896	2690	488	-1204.7250	1204.7250	-95.8118	74.1266	-710.3382	314.3155
2	14	1	0	28	14	17	3	-5.2100	5.2100	-27.4701	1.6535	-57.4756	-0.0000
2	14	2	0	28	14	17	3	-5.2100	5.2100	-27.4701	1.6535	0.0000	57.4756
2	14	3	0	28	14	17	3	-5.2100	5.2100	-27.4701	1.6605	-57.4756	0.0000
2	14	4	0	28	14	17	3	-5.2100	5.2100	-27.4702	1.6605	-0.0000	57.4756
2	14	5	0	28	14	17	3	-5.1537	5.2662	-27.4702	1.6674	-57.4756	0.0000
2	14	6	0	28	14	17	3	-5.1537	5.2662	-27.4702	1.6674	-0.0000	57.4756
2	14	7	0	28	14	17	3	-5.1538	5.2662	-27.4702	1.6744	-57.4755	0.0001
2	14	8	0	28	14	17	3	-5.1538	5.2662	-27.4702	1.6744	-0.0001	57.4755
2	14	9	0	28	34	44	8	164.5064	256.7243	-8.0684	-2.8101	-109.8730	-20.8112
2	14	10	0	28	18	22	4	136.3746	316.5491	-16.3242	-3.9086	-0.3187	22.4622
2	14	11	0	28	34	40	6	138.6534	331.5513	-19.8083	-7.3908	-34.0120	16.1274
2	14	12	0	28	18	22	4	147.1886	328.4757	-14.6295	-11.2233	-29.0486	-3.9575
2	14	13	0	28	34	44	8	-46.1089	46.1089	-2.6291	2.6291	-49.0712	39.9905
2	14	14	0	28	18	22	4	-84.7807	95.3937	-6.2041	6.2114	-0.0000	22.7809
2	14	15	0	28	34	40	6	-109.9953	82.9136	-7.3551	5.0624	-54.0731	-3.9470
2	14	16	0	28	18	22	4	-98.8529	82.4389	-2.2267	1.1677	-30.1280	-5.0675
2	14	17	0	28	16	19	3	-13.7016	13.7015	-3.1238	3.1238	-24.6807	34.1838
2	14	18	0	28	18	22	4	-45.3736	55.7419	-6.0895	6.5431	0.0000	22.7100
2	14	19	0	28	34	40	6	-43.3341	70.3809	-7.2740	5.6193	3.8483	53.8185
2	14	20	0	28	18	22	4	-43.0098	59.3677	-1.8745	1.6414	4.9283	29.9179
2	14	21	0	28	16	19	3	-13.7016	13.7015	-3.1238	3.1238	-34.1838	24.6807
2	14	22	0	28	18	22	4	-45.3735	55.7419	-6.0896	6.5431	-22.7100	0.0000
2	14	23	0	28	34	40	6	-43.3342	70.3809	-7.2740	5.6193	-53.8185	-3.8483
2	14	24	0	28	18	22	4	-43.0098	59.3677	-1.8745	1.6414	-29.9178	-4.9283
2	14	25	0	28	16	19	3	-13.7015	13.7015	-3.1238	3.1238	-34.1838	24.6807
2	14	26	0	28	18	22	4	-45.3735	55.7419	-6.0895	6.5431	-0.0002	22.7098
2	14	27	0	28	34	40	6	-43.3343	70.3780	-7.2740	5.6193	3.8507	53.8224
2	14	28	0	28	18	22	4	-43.0015	59.3732	-2.1345	1.3815	4.9335	29.9143
2	14	29	0	28	16	19	3	-13.7015	13.7015	-3.1238	3.1238	-34.1838	24.6807
2	14	30	0	28	18	22	4	-45.3734	55.7419	-6.0895	6.5431	-22.7098	0.0002
2	14	31	0	28	34	40	6	-43.3341	70.3810	-7.2740	5.6193	-53.8184	-3.8481
2	14	32	0	28	18	22	4	-43.0010	59.3765	-2.1351	1.3809	-29.9177	-4.9283
2	14	33	0	28	16	19	3	-13.7015	13.7015	-3.1238	3.1238	-34.1837	24.6808
2	14	34	0	28	18	22	4	-45.3735	55.7419	-6.0895	6.5431	0.0001	22.7100
2	14	35	0	28	34	40	6	-43.3344	70.3780	-7.2740	5.6193	3.8507	53.8223
2	14	36	0	28	18	22	4	-43.0015	59.3732	-2.1345	1.3815	4.9337	29.9145
2	14	37	0	28	16	19	3	-13.7015	13.7015	-3.1238	3.1238	-34.1837	24.6809
2	14	38	0	28	18	22	4	-45.3735	55.7420	-6.0895	6.5431	-22.7099	0.0000
2	14	39	0	28	34	40	6	-43.3342	70.3810	-7.2740	5.6193	-53.8186	-3.8483
2	14	40	0	28	18	22	4	-43.0010	59.3765	-2.1351	1.3809	-29.9180	-4.9285
2	14	41	0	28	62	73	11	-90.0368	118.6824	-3.5090	10.7441	-69.9863	8.1961
2	14	42	0	28	62	73	11	-118.6824	90.0368	-3.5090	10.7441	-69.9863	8.1961
2	14	43	0	28	8	9	1	-45.6895	60.6824	-1.0041	1.5048	-0.5666	32.7611
2	14	44	0	28	8	9	1	-45.6894	60.6823	-1.0041	1.5048	-32.7611	0.5666
2	14	45	0	28	8	9	1	-60.6912	45.6891	-1.0038	1.5048	-32.7811	0.5666
2	14	46	0	28	8	9	1	-60.7000	45.6886	-1.0035	1.5048	-32.8013	0.5666
2	14	47	0	28	8	9	1	-84.9760	100.1412	-1.4974	1.4833	-0.4633	32.9523
2	14	48	0	28	14	17	3	-85.0147	100.1411	-1.4974	1.4833	-32.9524	0.4632
2	14	49	0	28	8	9	1	-60.6912	45.6891	-1.0038	1.5048	-0.5666	32.7811
2	14	50	0	28	8	9	1	-60.7000	45.6887	-1.0035	1.5048	-0.5666	32.8013
2	15	0	0	28	1125	1541	305	-1204.7250	1204.7250	-95.8118	74.1266	-710.3382	314.3155
2	15	1	0	28	8	9	1	-82.5688	125.9462	-2.6922	2.4927	-69.9914	-0.7850
2	15	2	0	28	8	9	1	-125.9462	82.5688	-2.6922	2.4927	-69.9914	-0.7850
2	15	3	0	28	18	22	4	135.9273	355.7938	-5.5443	10.2921	-48.7009	25.2264
2	15	4	0	28	18	22	4	-85.2276	134.6387	-0.1608	15.6757	-1.1846	72.7427
2	15	5	0	28	18	22	4	-137.0245	188.1161	0.5039	15.6209	-0.6825	72.7579
2	15	6	0	28	18	22	4	-137.0246	188.1161	0.5039	15.6209	-72.7579	0.6825
2	16	0	0	28	18024	24662	3881	-481.8900	481.8900	-38.3247	29.6507	-307.4570	125.3900
2	16	0	1	28	96	119	23	-32.7412	32.7411	-6.6815	12.0446	-89.3293	93.0533
2	16	1	0	28	24	29	5	-6.2713	6.2713	-0.0000	0.7378	-4.0695	-0.0000
2	16	2	0	28	18	22	4	-6.2713	6.2713	0.0000	0.7378	0.0000	3.6207
2	16	3	0	28	24	29	5	-6.2713	6.2713	0.0000	0.7378	0.0000	4.0694
2	16	4	0	28	18	22	4	-6.2713	6.2713	0.0000	0.7379	-3.6207	-0.0000
2	16	5	0	28	24	29	5	-6.2713	6.2713	-0.0000	0.7378	-4.0694	0.0000
2	16	6	0	28	18	22	4	-6.2713	6.2713	0.0000	0.7379	-3.6207	-0.0000
2	16	7	0	28	24	29	5	-6.2713	6.2713	-0.0000	0.7379	-4.0694	0.0000
2	16	8	0	28	18	22	4	-6.2713	6.2713	-0.0000	0.7378	-0.0000	3.6207
2	16	9	0	28	24	29	5	-6.2713	6.2713	0.0000	0.7379	0.0000	4.0694
2	16	10	0	28	18	22	4	-6.2713	6.2713	-0.0000	0.7378	-3.6207	0.0000
2	16	11	0	28	24	29	5	-6.2713	6.2713	-0.0000	0.7378	-4.0694	0.0000
2	16	12	0	28	18	22	4	-6.2713	6.2713	0.0000	0.7379	-3.6207	-0.0000
2	16	13	0	28	24	29	5	-6.2713	6.2713	0.0000	0.7378	-4.0694	0.0000
2	16	14	0	28	18	22	4	-6.2713	6.2713	-0.0000	0.7378	-0.0000	3.6207
2	16	15	0	28	24	29	5	-6.2713	6.2714	-0.0000	0.7378	0.0000	4.0694
2	16	16	0	28	18	22	4	-6.2713	6.2713	-0.0000	0.7378	-3.6207	-0.0000
2	16	17	0	28	24	29	5	-6.2713	6.2713	-0.0000	0.7378	-4.0694	0.0000
2	16	18	0	28	18	22	4	-6.2713	6.2713	-0.0000	0.7378	-3.6207	0.0000
2	16	19	0	28	24	29	5	-6.2713	6.2713	-0.0000	0.7378	-4.0694	-0.0000
2	16	20	0	28	18	22	4	-6.2713	6.2713	-0.0000	0.7378	0.0000	3.6207
2	16	21	0	28	24	29	5	-6.2713	6.2713	-0.0000	0.7378	-0.0000	4.0694
2	16	22	0	28	18	22	4	-6.2713	6.2713	-0.0000	0.7378	-3.6207	0.0000
2	16	23	0	28	24	29	5	-6.2713	6.2713	-0.0000	0.7378	-4.0694	0.0000
2	16	24	0	28	18	22	4	-6.2713	6.2713	-0.0000	0.7378	-3.6208	-0.0000
2	16	25	0	28	24	29	5	-6.2713	6.2713	-0.0000	0.7378	-4.0694	0.0000
2	16	26	0	28	18	22	4	-6.2713	6.2713	-0.0000	0.7378	0.0000	3.6208
2	16	27	0	28	24	29	5	-6.2713	6.2713	0.0000	0.7379	-0.0000	4.0694
2	16	28	0	28	18	22	4	-6.2713	6.2713	-0.0000	0.7379	-3.6207	0.0000
2	16	29	0	28	24	29	5	-6.2713	6.2713	0.0000	0.7379	-4.0694	-0.0000
2	16	30	0	28	18	22	4	-6.2713	6.2714	-0.0000	0.7378	-3.6208	-0.0000
2	16	31	0	28	24	29	5	-6.2713	6.2713	-0.0000	0.7378	-4.0694	-0.0000
2	16	32	0	28	18	22	4	-6.2713	6.2713	0.0000	0.7379	-0.0000	3.6207
2	16	33	0	28	24	29	5	-6.2713	6.2713	0.0000	0.7379	0.0000	4.0694
2	16	34	0	28	18	22	4	-6.2713	6.2713	-0.0000	0.7378	-3.6207	-0.0000
2	16	35	0	28	24	29	5	-6.2713	6.2713	0.0000	0.7379	-4.0694	0.0000
2	16	36	0	28	18	22	4	-6.2713	6.2713	0.0000	0.7379	-3.6208	-0.0000
2	16	37	0	28	24	29	5	-6.2713	6.2713	0.0000	0.7379	-4.0695	-0.0000
2	16	38	0	28	18	22	4	-6.2713	6.2713	-0.0000	0.7378	0.0000	3.6207
2	16	39	0	28	24	29	5	-6.2713	6.2713	0.0000	0.7379	0.0000	4.0694
2	16	40	0	28	18	22	4	-6.2713	6.2713	-0.0000	0.7378	-3.6207	-0.0000
2	16	41	0	28	24	29	5	-6.2713	6.2713	0.0000	0.7378	-4.0694	-0.0000
2	16	42	0	28	18	22	4	-6.2713	6.2713	-0.0000	0.7378	-3.6207	0.0000
2	16	43	0	28	330	545	77	-281.4183	281.4183	1.3225	21.6515	11.5859	125.1845
2	16	44	0	28	24	29	5	-2.0840	2.0840	-10.9880	0.6614	-22.9902	-0.0000
2	16	45	0	28	24	29	5	-2.0840	2.0840	-10.9880	0.6614	0.0000	22.9902
2	16	46	0	28	24	29	5	-2.0840	2.0840	-10.9881	0.6642	-22.9902	0.0000
2	16	47	0	28	24	29	5	-2.0840	2.0840	-10.9881	0.6642	0.0000	22.9902
2	16	48	0	28	24	29	5	-2.0615	2.1065	-10.9881	0.6670	-22.9902	0.0000
2	16	49	0	28	24	29	5	-2.0615	2.1065	-10.9881	0.6670	-0.0000	22.9902
2	16	50	0	28	24	29	5	-2.0615	2.1065	-10.9881	0.6698	-22.9902	0.0000
2	16	51	0	28	24	29	5	-2.0615	2.1065	-10.9881	0.6698	-0.0000	22.9902
2	16	52	0	28	78	113	19	-36.0148	47.4730	-1.4036	4.2976	-27.9945	3.2784
2	16	53	0	28	78	113	19	-47.4730	36.0148	-1.4036	4.2976	-27.9945	3.2784
2	16	54	0	28	14	17	3	-18.2758	24.2730	-0.6090	0.6019	-0.2266	13.1044
2	16	55	0	28	14	17	3	-18.2758	24.2729	-0.6090	0.6019	-13.1044	0.2266
2	16	56	0	28	14	17	3	-24.2765	18.2756	-0.6090	0.6019	-13.1125	0.2266
2	16	57	0	28	14	17	3	-24.2800	18.2754	-0.6090	0.6019	-13.1205	0.2266
2	16	58	0	28	14	17	3	-34.0059	40.0565	-0.5990	0.5933	-0.1853	13.1809
2	16	59	0	28	14	17	3	-34.0059	40.0564	-0.5990	0.5933	-13.1809	0.1853
2	16	60	0	28	14	17	3	-24.2765	18.2756	-0.6090	0.6019	-0.2267	13.1125
2	16	61	0	28	14	17	3	-24.2800	18.2755	-0.6090	0.6019	-0.2266	13.1205
2	16	62	0	28	34	44	8	63.6938	104.7234	-3.2279	-1.1234	-44.8967	-7.3420
2	16	63	0	28	32	39	7	54.5499	126.6197	-6.5297	-1.5635	-0.1275	8.9849
2	16	64	0	28	40	53	9	55.4614	132.6205	-7.9233	-2.9563	-13.6048	6.4510
2	16	65	0	28	32	39	7	176.7074	217.7377	-8.4122	-7.1608	-83.9694	-59.7376
2	16	66	0	28	18	22	4	58.8755	131.3903	-5.8518	-4.4893	-11.6194	-1.5830
2	16	67	0	28	32	39	7	176.4141	217.4537	-7.9401	-7.2601	-102.5692	-78.2735
2	16	68	0	28	34	44	8	-20.4772	20.5523	-1.0522	1.0522	-20.5760	16.9787
2	16	69	0	28	32	39	7	-33.9123	38.1575	-2.4816	2.4846	0.0000	9.1124
2	16	70	0	28	43	56	10	-43.9981	33.1654	-2.9420	2.0250	-21.6292	-1.5788
2	16	71	0	28	32	39	7	-218.2581	-177.2277	-5.3880	-4.1367	-82.8545	-58.6226
2	16	72	0	28	18	22	4	-39.5411	32.9756	-0.8907	0.4671	-12.0512	-2.0270
2	16	73	0	28	32	39	7	-218.2553	-177.2158	-4.8115	-4.1311	-100.8507	-76.5547
2	16	74	0	28	16	19	3	-5.4806	5.4806	-1.2495	1.2495	-9.8723	13.6735
2	16	75	0	28	34	42	8	-18.1494	22.2968	-2.4358	2.6173	-0.0000	9.0840
2	16	76	0	28	40	53	9	-17.3336	28.1524	-2.9096	2.2477	1.5393	21.5274
2	16	77	0	28	16	19	3	-5.4810	5.4810	-0.9377	0.7080	-2.5542	7.7178
2	16	78	0	28	18	22	4	-17.2039	23.7471	-0.7498	0.6566	1.9713	11.9672
2	16	79	0	28	16	19	3	-5.4812	5.4812	-0.5410	0.5410	-2.5541	7.7913
2	16	80	0	28	16	19	3	-5.4806	5.4806	-1.2495	1.2495	-13.6735	9.8723
2	16	81	0	28	34	42	8	-18.1494	22.2967	-2.4358	2.6172	-9.0840	0.0000
2	16	82	0	28	40	53	9	-17.3336	28.1524	-2.9096	2.2477	-21.5274	-1.5393
2	16	83	0	28	18	22	4	-17.2039	23.7471	-0.7498	0.6566	-11.9671	-1.9713
2	16	84	0	28	16	19	3	-144.4558	-133.4935	-5.8425	-4.7606	-87.3102	-76.9648
2	16	85	0	28	16	19	3	-144.4563	-133.4942	-6.4047	-4.7590	-69.3412	-59.0693
2	16	86	0	28	16	19	3	-5.4806	5.4806	-1.2495	1.2495	-13.6735	9.8723
2	16	87	0	28	34	42	8	-18.1494	22.2967	-2.4358	2.6172	-0.0001	9.0839
2	16	88	0	28	40	53	9	-17.3337	28.1512	-2.9096	2.2477	1.5403	21.5290
2	16	89	0	28	18	22	4	-17.2006	23.7493	-0.8538	0.5526	1.9734	11.9657
2	16	90	0	28	16	19	3	-5.4812	5.4812	-0.6452	0.4367	-7.7913	2.5542
2	16	91	0	28	16	19	3	-5.4811	5.4810	-0.9377	0.7080	-7.7178	2.5542
2	16	92	0	28	16	19	3	-5.4806	5.4806	-1.2495	1.2495	-13.6735	9.8723
2	16	93	0	28	34	42	8	-18.1494	22.2968	-2.4358	2.6172	-9.0839	0.0001
2	16	94	0	28	40	53	9	-17.3336	28.1524	-2.9096	2.2477	-21.5273	-1.5392
2	16	95	0	28	16	19	3	-111.5726	-100.6105	-7.6229	-5.9772	-84.6640	-74.3920
2	16	96	0	28	18	22	4	-17.2004	23.7506	-0.8540	0.5524	-11.9671	-1.9713
2	16	97	0	28	16	19	3	-111.5722	-100.6098	-7.0607	-5.9788	-102.6330	-92.2875
2	16	98	0	28	16	19	3	-5.4806	5.4806	-1.2495	1.2495	-13.6735	9.8723
2	16	99	0	28	34	42	8	-18.1494	22.2968	-2.4358	2.6172	0.0000	9.0840
2	16	100	0	28	40	53	9	-17.3338	28.1512	-2.9096	2.2477	1.5403	21.5289
2	16	101	0	28	18	22	4	-17.2006	23.7493	-0.8538	0.5526	1.9735	11.9658
2	16	102	0	28	16	19	3	-5.4812	5.4812	-0.6452	0.4367	-7.7913	2.5541
2	16	103	0	28	16	19	3	-5.4810	5.4810	-0.9377	0.7080	-7.7178	2.5542
2	16	104	0	28	16	19	3	-5.4806	5.4806	-1.2495	1.2495	-13.6735	9.8723
2	16	105	0	28	34	42	8	-18.1494	22.2968	-2.4358	2.6172	-9.0840	0.0000
2	16	106	0	28	40	53	9	-17.3337	28.1524	-2.9096	2.2477	-21.5274	-1.5393
2	16	107	0	28	16	19	3	-78.6890	-67.7269	-8.8411	-7.1954	-99.9867	-89.7148
2	16	108	0	28	18	22	4	-17.2004	23.7506	-0.8540	0.5523	-11.9672	-1.9714
2	16	109	0	28	16	19	3	-78.6886	-67.7262	-8.2789	-7.1970	-117.9557	-107.6103
4	20	0	0	28	116	162	28	-2.5515	2.5515	0.0000	2.5464	-6.0639	5.2866
4	20	0	1	28	52	63	11	-2.5515	2.5515	0.9029	1.9524	-6.0639	5.6283
4	20	1	0	28	241	310	54	-2.0996	2.0996	2.3877	4.2461	-3.7546	8.3949
4	20	1	1	28	8	9	1	-1.1258	1.5867	3.5149	4.5592	-1.2104	0.5171
4	21	0	0	28	110	142	24	-2.5515	2.5515	0.0000	2.5464	-6.0639	5.2866
4	21	1	0	28	150	192	36	-2.0996	2.0996	2.3877	3.5279	-3.7546	8.3949
4	22	0	0	28	52	63	11	-2.5515	2.5515	0.0000	2.5464	-6.0639	5.2866
4	22	1	0	28	59	75	14	-1.9165	1.9165	2.3974	3.5279	-3.7546	8.3949
4	23	0	0	28	20	24	4	-2.5515	2.5515	0.0000	2.5464	-6.0613	5.2866
4	24	0	0	28	116	162	28	-2.5515	2.5515	0.0000	2.5464	-6.0639	5.2866
4	24	0	1	28	52	63	11	-2.5515	2.5515	0.9029	1.9524	-6.0639	5.6283
4	25	0	0	28	110	142	24	-2.5515	2.5515	0.0000	2.5464	-6.0639	5.2866
4	26	0	0	28	52	63	11	-2.5515	2.5515	0.0000	2.5464	-6.0639	5.2866
4	27	0	0	28	20	24	4	-2.5515	2.5515	0.0000	2.5464	-6.0613	5.2866
4	28	0	0	28	13	19	3	-2.7015	2.7015	0.0000	0.0000	-6.1212	5.6858
6	10	0	0	28	1547	2796	432	-26.5096	26.5096	-2.8800	14.1451	-26.0504	24.3216
6	11	0	0	28	629	1084	190	-26.5096	26.5096	-2.8800	14.1006	-26.0504	24.3216
6	12	0	0	28	166	248	46	-26.5096	26.5096	-2.8800	13.7935	-25.9829	24.3216
6	13	0	0	28	6	7	1	-25.3512	25.3512	2.2678	2.2678	-25.4494	25.4494
8	20	0	0	28	284	344	56	-2.2341	2.2341	-0.0120	4.2605	-4.4755	3.9220
8	20	0	1	28	76	99	19	-2.0685	2.1181	2.8078	4.3249	0.1493	2.9749
8	21	0	0	28	140	172	28	-2.2341	2.2341	-0.0120	4.2605	-4.0909	3.9220
8	21	0	1	28	48	58	10	-2.0685	2.1181	2.8078	4.3249	0.1493	2.9749
8	22	0	0	28	78	99	17	-2.2341	2.2341	-0.0120	3.2264	-4.0909	3.9220
8	23	0	0	28	20	24	4	-2.2341	2.2341	-0.0120	3.2264	-4.0909	3.3694
8	24	0	0	28	182	222	38	-2.2341	2.2341	-0.0120	3.2264	-4.4755	3.9220
8	25	0	0	28	122	151	25	-2.2341	2.2341	-0.0120	3.2264	-4.0909	3.9220
8	26	0	0	28	78	99	17	-2.2341	2.2341	-0.0120	3.2264	-4.0909	3.9220
8	27	0	0	28	20	24	4	-2.2341	2.2341	-0.0120	3.2264	-4.0909	3.3694
8	28	0	0	28	13	19	3	-2.3841	2.3841	0.0000	0.0000	-4.6255	4.0720
10	18	0	0	28	456	897	132	-29.6265	29.6265	-0.9720	68.7406	-23.9836	32.0218
10	19	0	0	28	316	608	103	-29.5721	29.5721	0.0000	68.7406	-23.9836	31.7787
10	20	0	0	28	124	223	33	-29.3855	29.3855	0.0000	68.7406	-23.3956	31.7787
10	21	0	0	28	40	52	12	-27.5211	27.5211	0.0000	67.1349	-22.2277	31.7787
10	22	0	0	28	459	900	132	-8.0925	8.0925	-0.9720	69.8657	-6.2511	8.8149
10	23	0	0	28	311	601	101	-7.9550	7.9550	0.0000	69.8654	-6.2531	8.6125
10	24	0	0	28	124	223	33	-8.0434	7.6799	0.0000	69.8654	-6.2514	8.6125
10	25	0	0	28	40	52	12	-7.6404	7.2769	0.0000	69.8654	-5.8716	8.6125
12	18	0	0	28	149	294	42	-9.0000	9.0000	2.8736	28.4933	-9.0000	9.0000
12	18	0	1	28	139	212	32	-0.7744	0.7744	0.1024	3.5860	-0.1016	0.9735
12	19	0	0	28	109	174	29	-0.7744	0.7744	0.1434	3.5691	-0.1016	0.8853
12	19	0	1	28	97	191	31	-9.0000	9.0000	3.7579	28.4933	-9.0000	9.0000
12	20	0	0	28	76	121	19	-9.0000	9.0000	0.1669	28.4933	-9.0000	9.0000
12	21	0	0	28	16	20	4	-9.0000	9.0000	0.4697	28.4933	-9.0000	9.0000
12	22	0	0	28	137	279	39	-9.0000	9.0000	3.7579	28.4933	-9.0000	9.0000
12	23	0	0	28	97	191	31	-9.0000	9.0000	3.7579	28.4933	-9.0000	9.0000
12	24	0	0	28	40	72	10	-9.0000	9.0000	21.0268	28.4933	-9.0000	9.0000
12	25	0	0	28	12	15	3	-9.0000	9.0000	23.0933	28.4933	-9.0000	9.0000
14	10	0	0	28	2089	3595	654	-4.6280	4.6280	-0.4818	3.4804	-3.7445	10.3829
14	10	0	1	28	32	41	7	-0.7920	0.8409	-0.0087	1.0288	-2.6615	6.8484
14	10	0	2	28	14	24	4	-0.1474	0.0586	-0.3627	1.1839	2.5000	4.8085
14	10	0	3	28	128	159	31	-0.6111	0.6111	-0.0711	1.1511	-3.7445	-3.1223
14	10	0	4	28	346	449	81	-3.5850	3.5850	-0.7391	-0.1962	-0.9288	1.8286
14	10	1	0	28	12	19	3	-0.0484	0.0484	1.1567	1.4547	-1.0641	-0.7821
14	10	2	0	28	24	36	6	-0.6361	0.6361	-0.4320	-0.0080	-1.3878	8.8785
14	10	3	0	28	4	4	0	-0.1000	0.1000	0.8478	1.0152	6.9120	7.0062
14	10	3	1	28	54	110	14	-0.4116	0.4116	0.5592	1.2844	5.4900	7.7022
14	10	4	0	28	74	113	13	-2.4031	2.4031	-0.5058	-0.1142	-0.4173	2.7557
14	10	4	1	28	486	703	143	-2.7495	2.7495	-1.0178	-0.1963	0.0527	4.7570
14	10	5	0	28	128	182	28	-0.8973	0.8973	-0.4684	-0.0719	-0.9869	5.2972
14	10	5	1	28	588	763	139	-1.0490	1.0490	-0.7527	-0.1679	-1.3006	6.1099
14	10	6	0	28	122	178	22	-2.3790	2.3790	-0.8082	-0.0932	-0.2065	6.0389
14	10	6	1	28	600	789	143	-2.6766	2.6766	-1.0545	-0.3312	0.0586	4.4367
14	10	7	0	28	220	318	46	-2.4031	2.4031	-0.5058	-0.0719	-0.9869	5.2972
14	10	7	1	28	1146	1637	257	-2.5769	2.5769	-0.9085	-0.1838	-1.6371	6.1382
14	11	0	0	28	785	1165	216	-4.6280	4.6280	-0.4818	3.4804	-3.7440	10.3829
14	11	0	1	28	210	275	55	-3.5850	3.5850	-0.7391	-0.1962	-0.9288	1.8286
14	11	1	0	28	28	50	6	-0.4116	0.4116	0.5592	1.2844	5.4900	7.7022
14	11	2	0	28	24	29	5	-0.6340	0.6340	-0.1160	2.6000	-2.5906	7.6561
14	11	3	0	28	50	85	15	-2.4031	2.4031	-0.5058	-0.1142	-0.4147	2.7542
14	11	3	1	28	130	179	39	-2.7752	2.7796	-1.0398	-0.1727	0.0525	4.7570
14	11	4	0	28	80	116	22	-0.8771	0.8771	-0.4684	-0.0719	-0.9869	5.2972
14	11	4	1	28	292	387	67	-1.0490	1.0490	-0.7527	-0.1679	-1.3019	6.1099
14	11	5	0	28	61	91	15	-2.3790	2.3790	-0.8437	-0.0939	-0.2065	6.0389
14	11	5	1	28	262	373	63	-2.6606	2.6606	-1.0386	-0.3346	0.1070	4.5468
14	11	6	0	28	130	202	38	-2.4031	2.4031	-0.5058	-0.0719	-0.9869	5.2972
14	11	6	1	28	480	683	119	-2.5769	2.5769	-0.9085	-0.1838	-1.6371	6.1382
14	12	0	0	28	111	178	36	-4.6125	4.6125	-0.3014	3.4804	-3.5924	10.3829
14	13	0	0	28	6	7	1	-4.8395	4.8395	0.0000	0.0000	-3.8835	10.3435
16	10	0	0	28	1799	2929	533	-4.8580	4.8580	-1.4113	3.3000	-5.1354	10.1540
16	10	0	1	28	22	29	5	-0.5525	0.5525	-0.5752	0.6919	-3.7019	6.8622
16	10	0	2	28	264	423	78	-0.7831	0.7831	-0.6573	3.3000	-4.5254	10.6960
16	10	0	3	28	250	327	51	-5.1462	5.1462	-0.2729	0.2260	-1.0362	1.8330
16	10	1	0	28	4	4	0	-0.1000	0.1000	0.6380	0.8030	6.9669	7.0800
16	10	1	1	28	60	134	18	-0.4301	0.4301	0.4880	1.1612	4.3097	7.6400
16	10	2	0	28	248	331	63	-3.1926	3.1926	-0.7576	0.0554	-0.6881	1.8757
16	10	2	1	28	312	371	59	-3.5015	3.5015	-1.1169	-0.3751	-0.2460	1.8678
16	10	3	0	28	188	251	43	-3.1926	3.1926	-0.4258	0.0554	-0.6881	2.5035
16	10	3	1	28	576	767	111	-3.3116	3.3116	-0.8291	-0.2295	-1.6543	2.9060
16	10	4	0	28	168	195	27	-4.0331	4.0330	-0.3924	0.0539	-0.9078	2.3202
16	10	4	1	28	544	707	131	-4.1730	4.1730	-0.6307	-0.1350	-1.0391	3.2390
16	11	0	0	28	696	1108	205	-4.8580	4.8580	-1.4113	3.2500	-5.0834	10.1540
16	11	0	1	28	146	195	39	-5.1462	5.1462	-0.2729	0.2260	-1.0369	1.8330
16	11	1	0	28	34	73	10	-0.4301	0.4301	-0.3341	0.3341	-1.6582	1.6582
16	11	2	0	28	82	108	22	2.8834	3.1926	-0.7576	0.0319	-0.6881	1.8757
16	11	3	0	28	116	157	29	-3.1926	3.1926	-0.4258	0.0434	-0.6881	2.5035
16	11	3	1	28	244	375	63	-3.3120	3.3120	-0.8803	-0.2295	-1.6543	2.9386
16	11	4	0	28	104	127	23	-4.0331	4.0330	-0.3887	0.0501	-0.9078	2.3235
16	11	4	1	28	228	331	59	-4.1730	4.1730	-0.6304	-0.1350	-1.0391	3.2390
16	12	0	0	28	95	128	25	-4.6960	4.6960	-0.8713	3.2500	-5.0577	10.1540
16	13	0	0	28	6	7	1	-4.8642	4.8642	0.0000	0.0000	-4.7742	10.4650
18	6	0	0	32	436	547	111	-688.7667	788.6291	-29.7737	81.2906	-199.4765	235.4362
18	7	0	0	32	432	541	109	-688.7667	788.6291	-29.7737	81.2906	-199.4765	235.4362
18	7	1	0	32	124	159	35	-188.9972	14.7804	-15.5595	3.9152	-60.9217	17.3229
18	7	2	0	32	100	127	27	-5.6514	161.2902	-17.4303	6.3197	-11.6962	57.7244
19	6	0	0	32	1070	1331	261	-678.9567	807.8753	-27.1423	59.1427	-90.1199	96.7821
19	7	0	0	32	810	1008	198	-678.9567	807.8803	-34.7547	58.9427	-90.1208	96.7821
19	7	1	0	32	100	124	24	-4.7292	164.7091	-10.0000	12.0780	-30.1266	24.3585
19	7	2	0	32	100	124	24	-156.2356	15.6595	-12.0000	13.5000	-14.9678	38.1380
20	10	0	0	28	1530	2635	383	-28.0000	28.0000	-2.4986	8.9137	-29.0213	20.4694
20	11	0	0	28	726	1152	216	-28.0000	28.0000	-2.4986	8.9137	-29.0213	20.4694
20	12	0	0	28	95	127	25	-28.0000	28.0000	-1.8107	8.8827	-27.8274	20.4694
20	13	0	0	28	6	7	1	-25.3512	25.3512	-3.2355	4.7101	-25.4494	25.4494
22	10	0	0	28	427	639	121	-2.5128	2.5128	-1.4560	2.2733	-10.9152	5.4560
22	10	1	0	28	8	9	1	-9.6488	9.6488	1.8985	1.8985	-9.6488	9.6488
22	10	1	1	28	20	25	5	-0.7792	0.7792	-0.6001	1.9156	-0.7792	0.7792
22	10	2	0	28	14	17	3	-0.4811	0.4811	-1.3200	1.3200	-1.3200	1.3200
22	10	2	1	28	6	7	1	0.1545	0.1545	-0.5463	0.5466	-0.5455	0.5472
22	11	0	0	28	281	382	79	-2.5128	2.5128	-1.4560	2.2733	-10.9152	4.4940
22	11	1	0	28	8	9	1	-9.6488	9.6488	1.8985	1.8985	-9.6488	9.6488
22	11	2	0	28	11	13	2	-0.4811	0.4811	-1.3200	1.3200	-1.3200	1.3200
22	12	0	0	28	162	208	44	-2.2781	2.2781	-1.2360	1.8960	-10.6390	4.4940
22	12	1	0	28	8	9	1	-9.6488	9.6488	1.8985	1.8985	-9.6488	9.6488
22	12	2	0	28	11	13	2	-0.4811	0.4811	-1.3200	1.3200	-1.3200	1.3200
22	13	0	0	28	6	7	1	-3.3630	3.3630	-1.0286	1.4974	-8.0905	8.0905
24	10	0	0	28	2743	4292	807	-6.3100	6.3100	-0.9120	2.9016	-6.5920	11.7080
24	10	0	1	28	298	417	79	-0.9318	0.9318	-0.9000	1.3066	-5.7482	9.6009
24	10	0	2	28	60	84	16	-0.9369	0.9275	-0.3888	1.2909	-4.9434	7.2320
24	10	0	3	28	250	327	51	-6.5919	6.5919	-0.2613	0.2375	-1.3561	1.5132
24	10	1	0	28	8	9	1	-0.0045	0.0052	-0.1241	0.1243	-0.2448	0.2448
24	10	2	0	28	6	9	1	-0.0052	0.0045	-0.1241	0.1243	-0.2448	0.2448
24	10	3	0	28	24	29	5	-1.7526	1.7526	0.0411	1.9335	-3.3040	9.8111
24	10	4	0	28	4	4	0	-0.0992	0.1008	0.9496	1.0888	7.3612	7.5372
24	10	4	1	28	98	215	27	-0.4229	0.4229	0.7242	1.5382	3.9188	8.3280
24	10	5	0	28	314	478	58	-4.4492	4.4492	-0.8134	0.2049	-1.1911	2.6187
24	10	5	1	28	1264	1663	319	-4.7323	4.7323	-1.4570	-0.2444	-1.6125	3.6233
24	10	6	0	28	128	197	21	-3.5941	3.5941	-0.6137	0.2049	-1.0287	2.6187
24	10	6	1	28	908	1387	267	-3.7168	3.7168	-1.1144	-0.3410	-1.1023	3.4280
24	10	7	0	28	528	731	115	-4.4940	4.4940	-0.7145	0.2049	-1.1911	2.6187
24	10	7	1	28	702	914	188	-4.5758	4.5758	-1.0144	-0.2545	-0.7045	2.9559
24	10	8	0	28	128	197	21	-3.5941	3.5941	-0.6137	0.2049	-1.0287	2.6187
24	10	8	1	28	748	1243	187	-3.8338	3.8338	-1.3940	-0.3829	-1.2937	4.0586
24	11	0	0	28	826	1345	252	-6.3100	6.3100	-0.9160	2.8866	-6.5920	11.7069
24	11	0	1	28	146	195	39	-6.5919	6.5919	-0.2613	0.2375	-1.3567	1.5132
24	11	1	0	28	40	49	9	-6.2152	6.2152	-0.1243	1.9335	-3.3040	9.8953
24	11	2	0	28	39	73	10	-0.4069	0.4069	0.7280	1.5422	3.9404	8.3297
24	11	3	0	28	184	303	51	-4.3845	4.3845	-0.8134	0.2049	-1.1950	2.6187
24	11	3	1	28	584	807	167	-4.7341	4.7323	-1.4569	-0.2444	-1.6125	3.6264
24	11	4	0	28	60	97	17	-3.5132	3.5132	-0.6137	0.2049	-1.0331	2.6187
24	11	4	1	28	500	645	137	-3.7392	3.7392	-1.1144	-0.3371	-1.1027	3.4280
24	11	5	0	28	198	285	51	-4.3802	4.3802	-0.7249	0.2049	-1.1950	2.6187
24	11	5	1	28	534	725	149	-4.5758	4.5758	-1.0371	-0.2545	-0.7028	2.9559
24	11	6	0	28	60	97	17	-3.5132	3.5132	-0.6137	0.2049	-1.0331	2.6187
24	11	6	1	28	204	281	53	-3.8148	3.8148	-1.4057	-0.4032	-1.2959	4.0743
24	12	0	0	28	125	188	37	-6.1868	6.1868	-0.8000	2.8906	-6.5920	11.7069
24	13	0	0	28	6	7	1	-6.3247	6.3247	-0.0013	0.0013	-6.5920	11.6902
26	10	0	0	28	1755	2966	517	-5.1200	5.1200	-0.8009	3.7219	-4.8783	10.5300
26	10	0	1	28	38	48	8	-1.1742	1.1742	-0.6000	0.9504	-2.8616	6.9546
26	10	0	2	28	966	1448	280	-1.1120	1.1120	-0.5938	1.2520	-3.7120	8.5742
26	10	0	3	28	92	121	29	-5.0831	5.0831	-0.6938	0.9872	-0.0119	4.1458
26	10	0	4	28	346	449	81	-5.4773	5.4773	-0.3137	0.2293	-1.6367	1.1207
26	10	1	0	28	12	16	2	-0.0373	0.0372	-0.1156	0.1713	-0.2043	0.1327
26	10	2	0	28	92	177	27	-0.4560	0.4560	0.4600	1.3280	4.6040	8.3080
26	10	3	0	28	24	39	7	-0.9038	0.9038	-0.1159	0.4015	-10.1715	0.0029
26	10	4	0	28	112	131	19	-3.4630	3.4630	-0.2641	0.0679	-1.6808	2.5781
26	10	4	1	28	820	1223	223	-3.9152	3.9153	-0.9635	-0.0964	-1.8406	4.1868
26	10	5	0	28	588	775	143	-3.6659	3.6659	-0.8635	-0.2257	-1.2594	3.4732
26	10	5	1	28	198	237	35	-3.4630	3.4630	-0.4472	0.0679	-1.6808	2.7072
26	10	6	0	28	242	299	45	-3.4630	3.4630	-0.4531	0.0679	-1.9008	2.7072
26	10	6	1	28	882	1145	209	-3.5481	3.5481	-0.6971	-0.1136	-1.5688	3.1235
26	10	7	0	28	198	237	35	-3.4630	3.4630	-0.4472	0.0679	-1.6808	2.7072
26	10	7	1	28	972	1359	271	-3.7701	3.7701	-1.0225	-0.1721	-1.4489	4.1523
26	11	0	0	28	833	1363	255	-5.1200	5.1200	-0.7319	3.7065	-4.8731	10.5300
26	11	0	1	28	210	275	55	-5.4773	5.4773	-0.3137	0.2293	-1.6367	1.1207
26	11	1	0	28	31	54	8	-0.4480	0.4480	0.4600	1.3180	4.6040	8.3080
26	11	2	0	28	468	603	123	-3.9745	3.9745	-1.3451	-0.0964	-1.8409	4.1868
26	11	2	1	28	30	43	5	-3.4199	3.4199	-0.2641	0.0450	-1.6808	2.5642
26	11	3	0	28	94	135	25	-3.4212	3.4212	-0.4472	0.0450	-1.6808	2.7066
26	11	3	1	28	260	343	63	-3.6659	3.6659	-0.8635	-0.2257	-1.2594	3.4732
26	11	4	0	28	134	201	39	-3.4212	3.4212	-0.4516	0.0450	-1.9061	2.7066
26	11	4	1	28	438	581	101	-3.5481	3.5481	-0.6971	-0.1136	-1.5700	3.1235
26	11	5	0	28	94	135	25	-3.4212	3.4212	-0.4472	0.0450	-1.6808	2.7066
26	11	5	1	28	260	359	79	-3.7958	3.8002	-1.0480	-0.1463	-1.4489	4.1523
26	12	0	0	28	116	167	33	-4.9850	4.9850	-0.6508	3.6290	-4.3330	10.5300
26	13	0	0	28	6	7	1	-4.8395	4.8395	0.0000	0.0000	-3.8835	10.3435
28	10	0	0	28	2507	4322	758	-6.7800	6.7800	-0.9120	3.1373	-5.3060	13.5424
28	10	0	1	28	460	756	146	-1.2120	1.2120	-0.5862	0.5862	-3.8399	-1.7300
28	10	1	0	28	8	8	0	-0.1220	0.1220	0.9960	1.2220	10.0560	10.1620
28	10	1	1	28	71	151	23	-6.3740	6.3740	-0.1440	1.4420	0.1360	11.0575
28	10	2	0	28	24	29	5	-5.8110	5.8110	0.0187	2.8111	-1.1000	10.1608
28	11	0	0	28	649	1097	194	-6.7800	6.7800	-0.8920	3.1373	-5.3060	13.5424
28	11	1	0	28	24	54	6	-0.5343	0.5343	0.7219	1.4450	8.0212	11.0575
28	11	2	0	28	24	29	5	-5.8110	5.8110	-0.0117	2.8111	-1.1000	10.1608
28	12	0	0	28	105	156	30	-6.7660	6.7660	-0.8906	3.1366	-5.2888	13.6675
28	13	0	0	28	6	7	1	-6.4288	6.4288	0.0000	0.0000	-5.2354	13.5306
30	10	0	0	28	2607	3893	675	-4.9213	4.9213	-1.6500	2.9105	-12.7385	6.4240
30	10	0	1	28	54	63	9	-1.9526	1.9526	-0.8627	1.2320	-8.5900	4.6023
30	10	0	2	28	168	263	47	-1.9444	1.9444	-0.9286	0.1603	5.2185	5.9020
30	10	0	3	28	250	327	51	-3.8124	3.8124	-0.3983	0.0905	-3.3911	-0.5217
30	10	1	0	28	24	29	5	-2.2340	2.2340	-0.1142	0.0560	-9.9500	2.0500
30	10	2	0	28	11	15	2	-0.1139	2.0076	-0.0707	0.1602	-1.3811	0.0000
30	10	3	0	28	11	12	1	-2.0076	0.1139	-0.0707	0.1602	-1.3811	0.0000
30	10	4	0	28	117	167	30	-7.5239	0.3915	-0.1027	0.1140	-0.7429	2.5019
30	10	5	0	28	22	28	4	-0.1281	0.2355	-0.1741	-0.0772	-0.3104	0.3790
30	10	6	0	28	117	167	30	-0.3915	7.5239	-0.1027	0.1140	-0.7429	2.5019
30	10	7	0	28	22	31	5	-0.2355	0.1281	-0.1741	-0.0772	-0.3104	0.3790
30	10	8	0	28	8	9	1	-0.0780	0.0780	0.9840	1.2020	-8.6840	-8.5560
30	10	8	1	28	76	128	16	-0.4405	0.4405	0.7190	1.5305	-9.3960	-5.0653
30	10	9	0	28	4	4	0	-0.0005	0.0005	-0.0175	0.0175	-0.2080	0.2080
30	10	10	0	28	4	4	0	-0.0015	0.0015	-0.0175	0.0175	-0.2080	0.2080
30	10	11	0	28	170	214	36	-3.3441	3.3441	-0.9882	-0.1228	-7.3660	2.9200
30	10	11	1	28	1326	1769	353	-3.6122	3.6122	-1.2560	-0.2793	-5.9244	2.8338
30	10	12	0	28	56	63	7	-3.3127	3.3127	-0.5675	-0.1228	-3.1194	-0.0106
30	10	12	1	28	948	1229	233	-3.5819	3.5819	-1.1848	0.0839	-7.1696	2.7565
30	10	13	0	28	176	227	43	-0.6350	0.6350	-0.9882	-0.2780	-7.3660	2.9200
30	10	13	1	28	824	1159	215	-0.6476	0.6476	-1.2976	-0.5483	-5.2431	3.2270
30	11	0	0	28	952	1391	256	-4.9213	4.9213	-1.6680	2.9080	-12.4540	6.4240
30	11	0	1	28	130	195	39	-3.8124	3.8124	-0.3983	0.0905	-3.3911	-0.5211
30	11	1	0	28	40	60	8	-0.4400	0.4400	-0.4168	0.4015	-2.2429	2.2345
30	11	2	0	28	32	39	7	-2.3010	2.3010	-0.1142	2.8478	-9.9500	6.0830
30	11	3	0	28	25	44	6	-7.5239	0.3915	-0.0951	0.0941	-0.7429	2.5568
30	11	4	0	28	8	9	1	-0.1165	0.2355	-0.1682	-0.0842	-0.3030	0.3790
30	11	5	0	28	25	47	7	-0.3915	7.5239	-0.0951	0.0941	-0.7429	2.5568
30	11	6	0	28	8	9	1	-0.2355	0.1165	-0.1682	-0.0842	-0.3030	0.3790
30	11	7	0	28	102	131	25	-3.2489	3.2489	-0.9810	-0.1228	-7.3660	2.9200
30	11	7	1	28	486	635	119	-3.6122	3.6122	-1.2560	-0.2793	-5.9244	2.8338
30	11	8	0	28	16	19	3	-3.2486	3.2486	-0.5675	-0.1228	-3.1194	-0.0106
30	11	8	1	28	438	605	125	-3.5819	3.5819	-1.1848	0.0839	-7.1727	2.7565
30	11	9	0	28	84	132	16	-0.6350	0.6350	-0.9810	-0.2780	-7.3660	2.9200
30	11	9	1	28	456	599	111	-0.6476	0.6476	-1.3400	-0.5483	-5.2431	3.2277
30	12	0	0	28	125	182	38	-4.9217	4.9217	-0.9200	2.9080	-12.4540	6.4240
30	12	1	0	28	8	9	1	-7.5239	0.3915	-0.0910	0.0000	-0.6681	2.5532
30	12	2	0	28	8	9	1	-0.3915	7.5239	-0.0910	0.0000	-0.6624	2.5532
30	13	0	0	28	6	7	1	-6.8578	6.8578	-0.0000	0.0000	-6.4655	12.4635
32	20	0	0	28	89	111	22	-3.2137	3.2137	0.0793	1.7776	-2.6966	4.1741
32	20	0	1	28	12	14	2	-3.2333	3.2333	0.0729	0.0729	-2.8073	3.8508
32	20	1	0	28	205	277	46	-2.7121	1.7967	1.7397	6.0091	-2.1846	3.7417
32	20	1	1	28	58	71	13	-2.5807	0.9069	2.0256	3.8982	-0.7908	1.5705
32	21	0	0	28	38	45	7	-3.1630	3.1630	0.0729	1.7776	-2.6541	4.1079
32	21	0	1	28	12	14	2	-3.2333	3.2333	0.0729	0.0729	-2.8073	3.8508
32	21	1	0	28	121	152	28	-2.5807	1.3278	1.7397	4.0588	-1.6949	2.0032
32	21	1	1	28	69	91	15	-2.7121	1.7967	1.7913	6.0091	-2.1846	3.7417
32	22	0	0	28	32	39	7	-2.7452	2.7452	0.0729	1.7776	-2.3323	3.4559
32	22	1	0	28	54	67	12	-1.3278	1.7967	1.7776	6.0091	-2.1846	3.7417
32	23	0	0	28	20	24	4	-1.3278	1.3278	0.7615	3.3435	-1.6949	1.3715
32	24	0	0	28	89	111	22	-3.2137	3.2137	0.0793	1.7776	-2.6966	4.1741
32	24	0	1	28	12	14	2	-3.2333	3.2333	0.0729	0.0729	-2.8073	3.8508
32	25	0	0	28	38	45	7	-3.1630	3.1630	0.0729	1.7776	-2.6541	4.1079
32	25	0	1	28	12	14	2	-3.2333	3.2333	0.0729	0.0729	-2.8073	3.8508
32	26	0	0	28	32	39	7	-2.7452	2.7452	0.0729	1.7776	-2.3323	3.4559
32	27	0	0	28	20	24	4	-1.3278	1.3278	0.7615	3.3435	-1.6949	1.3715
32	28	0	0	28	9	19	3	-3.3833	3.3833	0.0000	0.0000	-2.9573	4.0008
34	20	0	0	28	24	29	5	-3.5264	3.5264	0.2414	1.0349	-0.1984	0.1984
34	20	0	1	28	76	93	17	-3.6805	3.6805	-0.0177	1.2182	-3.4496	3.4496
34	20	1	0	28	214	284	53	-1.5295	1.5295	0.7220	9.0100	-2.0139	6.9079
34	20	1	1	28	36	46	8	-0.8870	0.8743	0.8977	1.5189	0.7758	1.8195
34	21	0	0	28	24	29	5	-3.5264	3.5264	0.2414	1.2182	-0.3692	0.3692
34	21	0	1	28	44	55	11	-3.6805	3.6805	-0.0177	0.5724	-3.4496	3.4496
34	21	1	0	28	40	49	9	-0.8870	0.8743	0.7834	3.5353	-2.0139	1.7298
34	21	1	1	28	122	168	34	-1.5295	1.5295	0.7220	8.9589	-0.8445	6.8597
34	22	0	0	28	40	51	11	-3.6805	3.6805	-0.0177	0.5724	-3.4496	3.4496
34	22	1	0	28	80	101	19	-1.5295	1.5295	0.7220	8.9593	-2.0148	6.8601
34	23	0	0	28	16	19	3	-3.6805	3.6805	-0.0177	0.5724	-3.4496	3.4496
34	23	1	0	28	46	59	11	-1.5295	1.5295	0.7220	8.9494	-1.7318	6.8507
34	24	0	0	28	40	49	9	-3.5264	3.5264	0.2414	1.2182	-0.3692	0.3692
34	24	0	1	28	60	73	13	-3.6805	3.6805	-0.0177	0.5724	-3.4496	3.4496
34	25	0	0	28	24	29	5	-3.5264	3.5264	0.2414	1.2182	-0.3692	0.3692
34	25	0	1	28	44	55	11	-3.6805	3.6805	-0.0177	0.5724	-3.4496	3.4496
34	26	0	0	28	40	51	11	-3.6805	3.6805	-0.0177	0.5724	-3.4496	3.4496
34	27	0	0	28	16	19	3	-3.6805	3.6805	-0.0177	0.5724	-3.4496	3.4496
34	28	0	0	28	8	8	0	-3.8305	3.8305	0.0000	0.0000	-3.5996	3.5996
36	20	0	0	28	84	100	12	-2.3746	2.3746	0.0250	1.9664	-2.2633	2.7202
36	20	0	1	28	59	78	15	-3.6367	3.6399	0.0197	1.7934	-2.5707	3.8888
36	20	1	0	28	200	290	52	-1.4893	1.4893	1.9648	8.1678	-3.1932	2.9082
36	20	1	1	28	87	116	22	-1.8549	1.8549	2.1398	5.7959	-3.1203	1.1406
36	21	0	0	28	56	72	14	-3.6367	3.6399	0.0197	1.8297	-2.3647	3.8888
36	21	0	1	28	48	54	6	-1.7783	1.7782	0.3040	1.9664	-2.1168	1.3176
36	21	1	0	28	86	113	24	-1.8549	1.8549	1.9648	5.7959	-3.1203	1.0354
36	21	1	1	28	42	71	11	-1.4893	1.4893	2.0668	8.1680	-3.1932	2.9079
36	22	0	0	28	50	63	13	-3.2717	3.2717	0.0197	1.9664	-2.3647	3.5753
36	22	1	0	28	64	93	19	-1.8549	1.8549	1.9648	8.1680	-3.1932	2.9079
36	23	0	0	28	20	24	4	-1.2739	1.2739	0.7463	1.9664	-2.1168	1.3176
36	24	0	0	28	84	100	12	-2.3746	2.3746	0.0250	1.9664	-2.2633	2.7202
36	24	0	1	28	59	78	15	-3.6367	3.6399	0.0197	1.7934	-2.5707	3.8888
36	25	0	0	28	56	72	14	-3.6367	3.6399	0.0197	1.8297	-2.3647	3.8888
36	25	0	1	28	48	54	6	-1.7783	1.7782	0.3040	1.9664	-2.1168	1.3176
36	26	0	0	28	50	63	13	-3.2717	3.2717	0.0197	1.9664	-2.3647	3.5753
36	27	0	0	28	20	24	4	-1.2739	1.2739	0.7463	1.9664	-2.1168	1.3176
36	28	0	0	28	6	6	0	-3.7867	3.7899	0.0000	0.0000	-2.7207	4.0388
38	20	0	0	28	98	150	26	-2.4663	2.4663	0.0000	2.4588	-4.6868	5.7593
38	20	1	0	28	85	128	24	-1.6510	1.6510	2.6119	8.4462	-3.3064	4.8934
38	20	1	1	28	182	265	49	-2.2006	2.2006	2.2028	7.3972	-2.1924	4.1900
38	20	2	0	28	17	26	4	-1.2534	1.2534	4.1829	6.0011	-2.0427	-0.8137
38	21	0	0	28	58	85	15	-2.4663	2.4663	0.0000	2.4588	-4.6868	5.7820
38	21	1	0	28	102	127	23	-1.8299	1.8299	2.2028	8.0734	-2.1924	4.8634
38	21	1	1	28	4	4	0	-0.5628	0.5628	3.1395	4.1535	3.3592	3.8477
38	21	2	0	28	6	6	0	-1.2534	1.2534	4.9885	6.0011	-1.8739	-1.5427
38	22	0	0	28	24	34	6	-2.4663	2.4663	0.0000	2.4588	-4.6868	5.4714
38	22	1	0	28	65	83	15	-1.8299	1.8299	2.2028	8.0734	-2.1924	4.8634
38	23	0	0	28	20	24	4	-2.4663	2.4663	0.0000	2.4588	-4.6868	5.4714
38	24	0	0	28	98	150	26	-2.4663	2.4663	0.0000	2.4588	-4.6868	5.7593
38	25	0	0	28	56	82	14	-2.4663	2.4663	0.0000	2.4588	-4.6868	5.7820
38	26	0	0	28	24	34	6	-2.4663	2.4663	0.0000	2.4588	-4.6868	5.4714
38	27	0	0	28	20	24	4	-2.4663	2.4663	0.0000	2.4588	-4.6868	5.4714
38	28	0	0	28	13	19	3	-2.6163	2.6163	0.0000	0.0000	-4.8368	5.9320
40	20	0	0	28	202	266	48	-2.6958	2.6958	0.0000	3.6487	-4.5321	5.4211
40	20	1	0	28	195	252	41	-2.1533	2.1533	-0.7294	2.7576	-1.9188	3.4725
40	20	2	0	28	14	15	1	-1.5000	1.5000	5.2859	6.7023	-2.4242	-1.1724
40	20	2	1	28	14	17	3	-0.2057	0.2057	5.1143	5.7795	-2.5272	-1.8473
40	21	0	0	28	105	134	25	-2.6958	2.6958	0.0000	3.6487	-4.5321	5.1284
40	21	1	0	28	4	4	0	-0.1095	0.1095	0.7693	2.0490	0.9333	0.9333
40	21	1	1	28	88	110	18	-2.1533	2.1533	-0.7294	2.7576	-1.9188	3.4725
40	21	2	0	28	6	6	0	-1.5000	1.5000	5.6349	6.7023	-2.4186	-2.0030
40	21	2	1	28	7	8	1	-0.2057	0.2057	5.1143	5.7795	-2.5272	-1.8473
40	22	0	0	28	60	74	14	-2.6958	2.6958	0.0000	3.6487	-4.5321	5.0817
40	22	1	0	28	52	62	10	-2.0918	2.0918	-0.7294	2.7576	-1.9188	3.4725
40	23	0	0	28	20	24	4	-2.6958	2.6958	0.0000	3.6487	-4.5321	5.0817
40	24	0	0	28	202	266	48	-2.6958	2.6958	0.0000	3.6487	-4.5321	5.4211
40	25	0	0	28	105	134	25	-2.6958	2.6958	0.0000	3.6487	-4.5321	5.1284
40	26	0	0	28	60	74	14	-2.6958	2.6958	0.0000	3.6487	-4.5321	5.0817
40	27	0	0	28	20	24	4	-2.6958	2.6958	0.0000	3.6487	-4.5321	5.0817
40	28	0	0	28	13	19	3	-2.8458	2.8458	0.0000	0.0000	-4.6821	5.0754
43	10	0	0	28	2061	3166	542	-5.9260	5.9260	-0.5401	3.5800	-6.9500	12.2600
43	10	0	1	28	68	83	15	-1.1100	1.1100	-0.0303	1.8562	-2.3679	7.5300
43	10	0	2	28	224	287	63	-1.1095	1.1095	-0.1558	0.8636	-3.0543	-2.2897
43	10	0	3	28	641	867	147	-1.2880	1.2880	-0.1558	1.9400	-3.0543	8.6100
43	10	0	4	28	250	327	51	-2.3663	2.3663	-0.8133	-0.3144	2.2498	5.1190
43	10	1	0	28	8	9	1	-0.0540	0.0540	0.5781	1.1587	0.2277	1.4206
43	10	2	0	28	16	19	3	-1.3140	1.3140	0.2780	0.8890	2.8700	8.0820
43	10	3	0	28	14	24	4	5.7480	5.9280	0.3585	0.4542	-1.3120	-1.0720
43	10	4	0	28	15	24	4	-5.9280	-5.7480	0.3585	0.4542	-1.3120	-1.0720
43	10	5	0	28	85	122	15	-0.4000	0.4000	1.0280	1.9400	4.9794	8.6100
43	10	6	0	28	8	11	1	-0.1380	0.1380	-0.0100	0.0200	0.0000	0.3600
43	11	0	0	28	791	1336	249	-5.8774	5.8774	-0.5372	3.5800	-6.7700	11.6411
43	11	0	1	28	146	195	39	-2.3663	2.3663	-0.8133	-0.3144	2.2491	5.1190
43	11	1	0	28	42	69	11	-0.2870	0.5074	0.3035	1.2164	-2.5333	1.0973
43	11	2	0	28	40	49	9	-5.8868	5.8868	0.2780	2.9458	-5.3623	8.0820
43	12	0	0	28	143	196	40	-5.8774	5.8774	-0.1172	3.5800	-6.7700	11.6411
43	13	0	0	28	6	7	1	-4.8325	4.8325	-0.1028	0.0000	-6.7787	11.6447
45	10	0	0	28	390	540	97	-2.5019	2.5019	-1.9953	1.9672	-10.0903	4.8733
45	10	1	0	28	8	9	1	-0.7058	-0.7058	-10.3379	10.3379	-10.3379	10.3379
45	10	1	1	28	12	15	3	-1.7261	0.0000	-0.3542	0.3542	-0.3542	0.3542
45	10	2	0	28	5	7	1	-0.0614	0.9008	-0.1688	0.1688	-0.1688	0.1674
45	10	2	1	28	8	9	1	0.6194	0.6194	-1.3198	1.3202	-1.3191	1.3209
45	11	0	0	28	207	284	53	-2.3826	2.3826	-1.6881	1.9672	-10.0903	4.8733
45	11	1	0	28	5	7	1	-1.7261	0.0000	-0.3542	0.3542	-0.3542	0.3542
45	11	1	1	28	8	9	1	-0.7058	-0.7058	-10.3379	10.3379	-10.3379	10.3379
45	11	2	0	28	5	7	1	-0.0614	0.9008	-0.1688	0.1688	-0.1674	0.1688
45	11	2	1	28	8	9	1	0.6194	0.6194	-1.3198	1.3202	-1.3191	1.3209
45	12	0	0	28	99	128	25	-2.3826	2.3826	-1.3388	1.9672	-10.0903	4.7742
45	12	1	0	28	5	7	1	-1.7261	0.0000	-0.3542	0.3542	-0.3542	0.3542
45	12	1	1	28	8	9	1	-0.7058	-0.7058	-10.3379	10.3379	-10.3379	10.3379
45	12	2	0	28	5	7	1	-0.0614	0.9008	-0.1688	0.1688	-0.1674	0.1688
45	12	2	1	28	8	9	1	0.6194	0.6194	-1.3198	1.3202	-1.3191	1.3209
45	13	0	0	28	6	7	1	-3.2463	3.2463	-2.0749	-0.0749	-9.9738	5.3330
48	18	0	0	28	700	978	178	-8.4030	8.3979	0.0000	35.4714	-0.3567	172.4595
48	18	0	1	28	1260	1617	267	-8.4030	8.4316	3.1045	41.1495	-0.3567	172.4595
48	18	0	2	28	102	191	47	-5.5653	5.0712	5.9045	23.5095	60.7354	100.3023
48	18	1	0	28	38	50	9	-3.9850	3.9850	27.9088	31.3061	73.3441	77.9547
48	19	0	0	28	911	1228	206	-8.4030	8.4316	0.0000	41.1495	-0.3567	172.4595
48	19	0	1	28	138	190	35	-8.4029	8.3977	8.7045	31.6295	32.1934	109.7379
48	19	1	0	28	38	50	9	-3.9850	3.9850	27.9088	31.3061	73.3441	77.9547
48	20	0	0	28	101	127	22	-8.4022	8.3967	0.0000	20.9545	-0.3567	171.0365
48	21	0	0	28	25	32	5	-8.4022	8.3967	0.0000	8.3545	-0.3567	171.0365
48	22	0	0	28	700	978	178	-8.4030	8.3979	0.0000	35.4714	-0.3567	172.4595
48	22	0	1	28	1351	1795	313	-8.4030	8.4316	3.1045	41.1495	-0.3567	172.4595
48	23	0	0	28	900	1214	204	-8.4030	8.4316	0.0000	41.1495	-0.3567	172.4595
48	23	0	1	28	138	190	35	-8.4029	8.3977	8.7045	31.6295	32.1934	109.7379
48	24	0	0	28	77	95	18	-8.4022	8.3967	5.9045	20.9545	-0.3567	171.0365
48	24	0	1	28	25	41	6	-8.4022	8.3967	0.0000	8.3545	-0.3567	171.0365
48	25	0	0	28	11	13	2	-8.4022	8.3967	5.9045	8.3545	-0.3567	171.0365
48	25	0	1	28	14	18	2	-8.4022	8.3967	0.0000	8.3545	-0.3567	171.0365
50	18	0	0	28	22	26	4	-1.2368	1.2368	-0.0091	0.7700	-1.0711	1.0711
50	18	1	0	28	77	102	16	-1.2102	1.2102	0.7700	4.1654	-2.1351	5.2684
50	19	0	0	28	16	19	3	-0.6184	0.6184	-0.0091	0.7700	-1.0711	1.0711
50	19	1	0	28	39	53	9	-1.0411	1.0411	0.7700	4.1654	-2.1351	5.2684
50	20	0	0	28	33	43	7	-1.0411	1.0411	0.7700	4.1654	-2.1351	5.2684
50	21	0	0	28	19	27	5	-1.0411	1.0411	0.7700	3.5875	-2.1351	1.7149
50	22	0	0	28	85	113	19	-1.2368	1.2368	-0.0091	3.5875	-2.1351	1.7149
50	23	0	0	28	41	57	11	-1.0411	1.0411	-0.0091	3.5875	-2.1351	1.7149
50	24	0	0	28	19	27	5	-1.0411	1.0411	0.7700	3.5875	-2.1351	1.7149
50	25	0	0	28	19	27	5	-1.0411	1.0411	0.7700	3.5875	-2.1351	1.7149
52	18	0	0	28	56	76	12	-3.5716	3.5716	-0.8000	0.3200	-4.6387	4.6387
52	19	0	0	28	40	56	8	-3.5716	3.5716	-0.8000	0.2400	-4.6387	4.6387
52	20	0	0	28	18	24	4	-3.5716	3.5716	-0.8000	0.2400	-4.6387	4.6387
52	21	0	0	28	4	4	0	-3.5716	3.5716	0.2400	0.2400	-4.6387	4.6387
52	22	0	0	28	56	76	12	-3.5716	3.5716	-0.8000	0.3200	-4.6387	4.6387
52	23	0	0	28	40	56	8	-3.5716	3.5716	-0.8000	0.2400	-4.6387	4.6387
52	24	0	0	28	18	24	4	-3.5716	3.5716	-0.8000	0.2400	-4.6387	4.6387
52	25	0	0	28	4	4	0	-3.5716	3.5716	0.2400	0.2400	-4.6387	4.6387
54	18	0	0	28	56	76	12	-3.5716	3.5716	0.0000	0.3200	-4.6387	4.6387
54	19	0	0	28	40	56	8	-3.5716	3.5716	0.0000	0.2400	-4.6387	4.6387
54	20	0	0	28	19	24	4	-3.5716	3.5716	0.0000	0.2400	-4.6387	4.6387
54	21	0	0	28	4	4	0	-3.5716	3.5716	0.2400	0.2400	-4.6387	4.6387
54	22	0	0	28	56	76	12	-3.5716	3.5716	0.0000	0.3200	-4.6387	4.6387
54	23	0	0	28	40	56	8	-3.5716	3.5716	0.0000	0.2400	-4.6387	4.6387
54	24	0	0	28	19	24	4	-3.5716	3.5716	0.0000	0.2400	-4.6387	4.6387
54	25	0	0	28	4	4	0	-3.5716	3.5716	0.2400	0.2400	-4.6387	4.6387
56	18	0	0	28	1288	1870	282	-13.9744	13.9744	0.0000	43.7060	-1.5694	255.2401
56	18	0	1	28	777	980	187	-13.7944	13.7944	5.8537	41.6312	-1.5694	255.2401
56	18	1	0	28	33	42	8	-3.2584	3.2584	37.9825	42.8686	85.6275	91.0473
56	19	0	0	28	989	1358	227	-13.7944	13.7944	0.0000	43.7060	-1.5694	255.2401
56	19	0	1	28	56	68	12	-12.4143	12.4143	10.0870	41.6312	87.4409	232.1046
56	19	1	0	28	33	42	8	-3.2584	3.2584	37.9825	42.8686	85.6275	91.0473
56	20	0	0	28	153	199	36	-13.8053	13.7944	0.0000	39.8774	-1.5694	255.2401
56	21	0	0	28	23	29	4	-12.1869	12.1651	0.0000	14.8576	-1.5694	255.2401
56	22	0	0	28	1276	1854	280	-13.9744	13.9744	0.0000	43.7060	-1.5694	255.2401
56	22	0	1	28	777	980	187	-13.7944	13.7944	5.8537	41.6312	-1.5694	255.2401
56	23	0	0	28	977	1342	225	-13.7944	13.7944	0.0000	43.7060	-1.5694	255.2401
56	23	0	1	28	56	68	12	-12.4143	12.4143	10.0870	41.6312	87.4409	232.1046
56	24	0	0	28	153	199	36	-13.8053	13.7944	0.0000	39.8774	-1.5694	255.2401
56	25	0	0	28	23	29	4	-12.1869	12.1651	0.0000	14.8576	-1.5694	255.2401
58	18	0	0	28	9	15	3	-1.5272	1.5272	0.0000	4.6721	-1.6129	1.5187
58	18	1	0	28	80	105	15	-2.8910	2.9204	1.0000	5.1770	-2.9892	7.9146
58	19	0	0	28	9	15	3	-1.5272	1.5272	0.0000	4.6721	-1.6129	1.5187
58	19	1	0	28	54	61	7	-2.8824	2.9204	1.0000	5.1770	-2.9892	7.9146
58	20	0	0	28	42	49	7	-2.8824	2.9204	1.0000	5.1770	-2.9892	7.9146
58	21	0	0	28	18	21	3	-2.8824	2.9204	1.0000	5.0857	-2.9892	3.1190
58	22	0	0	28	75	105	17	-2.8910	2.9204	0.0000	5.0857	-2.9892	3.1190
58	23	0	0	28	49	61	9	-2.8824	2.9204	0.0000	5.0857	-2.9892	3.1190
58	24	0	0	28	32	37	5	-2.8824	2.9204	1.0000	5.0857	-2.9892	3.1190
58	25	0	0	28	18	21	3	-2.8824	2.9204	1.0000	5.0857	-2.9892	3.1190
60	18	0	0	28	20	24	2	-1.3477	1.3632	0.0000	6.9600	-1.3287	1.3287
60	18	1	0	28	66	79	13	-3.6280	3.6280	3.5869	12.5439	-5.3231	4.2832
60	18	1	1	28	14	15	1	-0.9215	0.9215	6.6250	8.2424	-0.9046	0.9047
60	19	0	0	28	20	24	2	-1.3477	1.3632	0.0000	6.9600	-1.3287	1.3287
60	19	1	0	28	32	37	5	-3.6280	3.6280	3.5869	12.0320	-4.4082	4.1343
60	19	1	1	28	14	15	1	-0.9215	0.9215	6.6250	8.2424	-0.9046	0.9047
60	20	0	0	28	10	10	0	-1.3477	1.3632	-0.0000	8.2424	-1.3287	1.3287
60	20	1	0	28	12	14	2	-3.6280	3.6280	3.5363	11.6324	-3.5455	2.9913
60	21	0	0	28	14	15	1	-1.3477	1.3632	-0.0000	8.2424	-1.3287	1.3287
60	22	0	0	28	34	40	4	-1.3477	1.3632	0.0000	8.2424	-1.3287	1.3287
60	23	0	0	28	34	40	4	-1.3477	1.3632	0.0000	8.2424	-1.3287	1.3287
60	24	0	0	28	14	15	1	-1.3477	1.3632	-0.0000	8.2424	-1.3287	1.3287
60	25	0	0	28	14	15	1	-1.3477	1.3632	-0.0000	8.2424	-1.3287	1.3287
62	18	0	0	28	36	50	6	-7.5114	7.6323	0.0000	1.1707	-9.7337	9.7337
62	19	0	0	28	24	35	5	-7.4568	7.5776	0.0000	1.1707	-9.6796	9.6796
62	20	0	0	28	20	24	4	-7.4568	7.5776	0.0000	1.0672	-9.6796	9.6796
62	21	0	0	28	4	4	0	-7.4568	7.5776	0.0000	0.0000	-9.6796	9.6796
62	22	0	0	28	36	50	6	-7.5114	7.6323	0.0000	1.1707	-9.7337	9.7337
62	23	0	0	28	24	35	5	-7.4568	7.5776	0.0000	1.1707	-9.6796	9.6796
62	24	0	0	28	20	24	4	-7.4568	7.5776	0.0000	1.0672	-9.6796	9.6796
62	25	0	0	28	4	4	0	-7.4568	7.5776	0.0000	0.0000	-9.6796	9.6796
64	18	0	0	28	1054	1478	209	-7.0622	7.0622	0.0000	46.9823	-1.1247	136.8436
64	18	0	1	28	790	1022	193	-7.8521	7.8522	2.1810	34.1479	-2.1317	136.7901
64	18	1	0	28	57	74	15	-0.3312	0.3312	19.9632	23.8458	90.6543	96.7722
64	18	1	1	28	16	29	3	-3.4129	3.4129	21.0427	23.8644	92.0328	93.1870
64	19	0	0	28	573	763	133	-6.6496	6.6496	2.2105	46.9823	-0.5432	105.4300
64	19	0	1	28	322	444	69	-7.0622	7.0697	0.0000	33.5416	-1.1247	136.8436
64	19	1	0	28	57	74	15	-0.3312	0.3312	19.9632	23.8458	90.6543	96.7722
64	19	1	1	28	16	29	3	-3.4129	3.4129	21.0427	23.8644	92.0328	93.1870
64	20	0	0	28	205	303	56	-7.0622	7.0697	0.0000	28.9989	-0.7145	136.8436
64	21	0	0	28	23	29	4	-7.1532	7.0508	0.0000	6.2253	-0.7145	136.8436
64	22	0	0	28	1064	1489	212	-7.0622	7.0622	0.0000	46.9823	-1.1247	136.8436
64	22	0	1	28	760	983	184	-7.8521	7.8522	2.1810	34.1479	-2.1317	136.7901
64	23	0	0	28	553	735	127	-6.6496	6.6496	2.2105	46.9823	-0.5431	105.4300
64	23	0	1	28	328	447	70	-7.0622	7.0697	0.0000	33.5416	-1.1247	136.8436
64	24	0	0	28	205	294	53	-7.0622	7.0697	0.0000	28.9989	-0.7145	136.8436
64	25	0	0	28	23	29	4	-7.1532	7.0508	0.0000	6.2253	-0.7145	136.8436
66	18	0	0	28	16	19	3	-1.1000	1.1000	0.0000	1.1160	-1.1000	1.1000
66	18	1	0	28	82	113	15	-1.8861	1.8799	0.7653	4.2403	-1.9198	5.3377
66	18	1	1	28	16	19	3	-0.2855	0.2821	2.2234	3.4676	-0.8511	2.5881
66	19	0	0	28	16	19	3	-1.1000	1.1000	0.0000	1.1160	-1.1000	1.1000
66	19	1	0	28	48	63	7	-1.8861	1.8799	0.7653	4.2403	-1.9198	5.3377
66	19	1	1	28	16	19	3	-0.2855	0.2821	2.2234	3.4676	-0.8511	2.5881
66	20	0	0	28	34	45	7	-1.8861	1.8799	0.7653	4.2403	-1.9198	5.3377
66	21	0	0	28	18	21	3	-1.8861	1.8799	0.7653	3.4169	-1.9198	2.0299
66	22	0	0	28	84	117	17	-1.8861	1.8799	0.0000	3.4169	-1.9198	2.0299
66	23	0	0	28	50	67	9	-1.8861	1.8799	0.0000	3.4169	-1.9198	2.0299
66	24	0	0	28	24	33	5	-1.8861	1.8799	0.7653	3.4169	-1.9198	2.0299
66	25	0	0	28	18	21	3	-1.8861	1.8799	0.7653	3.4169	-1.9198	2.0299
68	18	0	0	28	61	83	15	-2.3884	2.3884	-0.0000	0.3500	-2.3884	2.3884
68	18	1	0	28	137	181	33	-0.6242	0.6242	-2.3895	0.5409	-2.1961	1.9411
68	18	1	1	28	44	54	10	-0.3126	0.3125	-1.8554	-0.0603	-2.1961	0.7891
68	19	0	0	28	34	39	5	-2.3887	2.3887	-0.0000	0.3500	-2.3888	2.3887
68	19	1	0	28	87	117	23	-0.3571	0.3571	-1.7552	0.5409	-2.1961	1.9411
68	19	1	1	28	46	61	13	-0.4625	0.4625	-2.3895	-0.0603	-2.1961	0.7891
68	20	0	0	28	8	8	0	-2.3887	2.3887	0.3500	0.3500	-2.3888	2.3887
68	20	1	0	28	45	63	11	-0.4625	0.4625	-2.3895	0.5409	-2.2842	1.9411
68	21	0	0	28	4	4	0	-2.5337	2.5337	0.3062	0.3062	-2.5337	2.5336
68	21	1	0	28	16	19	3	-0.1839	0.1839	-1.3512	0.5409	-2.2842	0.9415
68	22	0	0	28	61	83	15	-2.3884	2.3884	-0.0000	0.3500	-2.3884	2.3884
68	23	0	0	28	34	39	5	-2.3887	2.3887	-0.0000	0.3500	-2.3888	2.3887
68	24	0	0	28	8	8	0	-2.3887	2.3887	0.3500	0.3500	-2.3888	2.3887
68	25	0	0	28	4	4	0	-2.5337	2.5337	0.3062	0.3062	-2.5337	2.5336
70	18	0	0	28	128	157	29	-1.4084	1.4084	1.7094	6.5322	1.5339	17.3260
70	18	0	1	28	247	311	54	-2.3658	2.3658	0.0000	8.9754	0.0000	17.7075
70	18	1	0	28	24	29	5	-0.9991	0.9991	4.5106	4.6505	10.8160	11.0837
70	19	0	0	28	84	102	18	-1.3974	1.3974	1.7094	4.1093	6.9309	13.0865
70	19	0	1	28	197	255	48	-2.3658	2.3658	0.0000	8.7531	0.0000	17.7075
70	19	1	0	28	24	29	5	-0.9991	0.9991	4.5106	4.6505	10.8160	11.0837
70	20	0	0	28	87	110	21	-2.3229	2.3229	0.0000	3.7448	0.0000	17.7075
70	21	0	0	28	19	24	3	-2.3229	2.3229	0.0000	1.8025	0.0000	17.7075
70	22	0	0	28	20	24	4	-1.4084	1.4084	1.7094	2.6916	1.5339	17.3260
70	22	0	1	28	35	49	6	-2.3658	2.3658	0.0000	1.8025	0.0000	17.7075
70	23	0	0	28	25	39	6	-2.3658	2.3658	0.0000	1.8025	0.0000	17.7075
70	24	0	0	28	19	24	3	-2.3229	2.3229	0.0000	1.8025	0.0000	17.7075
70	25	0	0	28	19	24	3	-2.3229	2.3229	0.0000	1.8025	0.0000	17.7075
72	10	0	0	28	2921	4489	775	-7.2386	7.2386	-1.2032	3.3952	-6.9985	14.3184
72	10	0	1	28	34	41	7	-1.6298	1.6298	-0.7154	1.4500	-3.8527	9.0691
72	10	0	2	28	132	165	32	-1.7045	1.7045	-0.8949	1.0738	-5.8844	3.1704
72	10	0	3	28	266	327	51	-7.2829	7.2829	-0.1389	0.1341	-1.9847	0.0951
72	10	1	0	28	4	4	0	-0.0943	0.0943	1.4749	1.6272	9.0503	9.2016
72	10	1	1	28	60	125	19	-0.4115	0.4115	1.1751	1.8377	7.1277	9.9563
72	10	2	0	28	586	741	139	-5.9406	5.9406	-1.1938	0.2947	-2.2843	2.5371
72	10	2	1	28	1752	2407	479	-6.0835	6.0835	-1.4419	0.0376	-2.2244	2.8269
72	10	3	0	28	490	625	119	-5.9406	5.9406	-0.3172	0.2947	-2.2843	1.9799
72	10	3	1	28	2034	2591	515	-6.2232	6.2232	-0.6817	0.1635	-2.5416	2.9396
72	10	4	0	28	296	363	67	-4.5799	4.5799	-0.1179	0.2947	-1.7308	1.9799
72	10	4	1	28	288	451	59	-4.8881	4.8881	-0.7515	-0.0844	-1.4235	2.8348
72	11	0	0	28	876	1303	233	-7.1926	7.1926	-1.2032	3.3952	-6.9985	13.5458
72	11	0	1	28	138	187	39	-7.3046	7.3046	-0.1606	0.1558	-1.9847	0.1279
72	11	1	0	28	38	58	6	-0.4115	0.4115	1.1795	1.8377	7.1277	10.0479
72	11	2	0	28	226	305	61	-5.9406	5.9406	-1.1938	0.3075	-2.2415	2.5371
72	11	2	1	28	872	1191	231	-6.0835	6.0835	-1.4419	0.0376	-2.2259	2.8549
72	11	3	0	28	182	245	49	-5.9406	5.9406	-0.3172	0.3075	-2.2415	1.9799
72	11	3	1	28	486	635	119	-6.2232	6.2232	-0.6810	0.1632	-2.5423	2.9396
72	11	4	0	28	132	167	31	-4.5799	4.5799	-0.1179	0.3075	-1.7301	1.9799
72	11	4	1	28	88	167	23	-4.9087	4.9087	-0.8200	-0.0159	-1.4242	2.8348
72	12	0	0	28	144	192	40	-7.1520	7.1520	-0.9155	3.2308	-7.5718	13.5458
72	13	0	0	28	6	7	1	-7.1068	7.1068	0.0000	0.0000	-6.0091	13.5458
74	10	0	0	28	275	460	72	-6.5439	6.5439	-1.2179	1.1508	-5.3627	5.4113
74	10	1	0	28	24	31	7	-0.0523	0.0523	-0.9152	0.9152	-0.0111	0.0111
74	11	0	0	28	135	215	33	-6.5439	6.5439	-1.1716	1.1414	-5.3627	5.4113
74	11	1	0	28	24	31	7	-0.0523	0.0523	-0.9152	0.9152	-0.0111	0.0111
74	12	0	0	28	82	125	22	-6.5439	6.5439	-0.8727	1.1414	-5.3627	5.4113
74	13	0	0	28	6	7	1	-4.0511	4.0511	-0.3399	0.3399	-5.3549	2.3632
76	6	0	0	28	19	23	4	-0.1819	0.1819	-0.6357	0.0331	-0.0331	1.8330
76	6	0	1	28	136	186	40	-0.7428	0.7428	-0.9336	-0.0339	0.9531	5.1000
76	6	1	0	28	1546	2576	462	-4.8580	4.8580	-1.4113	3.2540	-10.1540	5.0834
76	6	1	1	28	22	29	5	-0.5525	0.5525	-0.5752	0.6919	-6.8622	3.7019
76	6	1	2	28	267	427	79	-0.7831	0.7831	-0.6573	3.3000	-10.6960	4.5254
76	6	1	3	28	250	327	51	-5.1462	5.1462	-0.2729	0.2260	-1.8330	1.0362
76	6	2	0	28	37	57	9	-0.7428	0.7428	-0.9360	-0.5000	-5.1000	-0.9560
76	6	3	0	28	6	9	1	-0.2160	0.2160	-0.0559	0.0001	0.0000	0.5440
76	6	4	0	28	4	4	0	-0.1000	0.1000	0.6380	0.8030	-7.0800	-6.9669
76	6	4	1	28	60	134	18	-0.4301	0.4301	0.4880	1.1612	-7.6400	-4.3097
76	6	5	0	28	31	41	8	-0.4240	0.0000	-0.0890	0.0600	0.0820	0.9660
76	6	6	0	28	18	22	4	-0.4240	0.0000	-0.1080	0.0003	0.0820	0.9660
76	6	7	0	28	18	22	4	-0.0000	0.4240	-0.1080	0.0003	0.0820	0.9660
76	6	8	0	28	31	38	7	-0.0000	0.4240	-0.0890	0.0600	0.0820	0.9660
76	6	9	0	28	38	46	8	-2.5694	0.0660	0.0000	0.1822	-0.0682	0.8133
76	6	10	0	28	38	49	9	-0.0660	2.5694	-0.0000	0.1822	-0.0682	0.8133
76	6	11	0	28	30	42	8	-0.4593	4.0689	-0.0000	0.1840	-0.6255	0.0629
76	6	12	0	28	30	36	6	-4.0689	0.4593	0.0000	0.1840	-0.6255	0.0629
76	6	13	0	28	31	43	8	0.0000	1.8505	-0.0970	0.0580	-1.2228	1.5600
76	6	14	0	28	31	46	9	-1.8505	-0.0000	-0.0970	0.0580	-1.2228	1.5600
76	6	15	0	28	40	51	11	-0.0000	2.7969	-0.0800	0.0800	-0.0274	0.7208
76	6	16	0	28	168	195	27	-4.0330	4.0331	-0.3924	0.0539	-2.3202	0.9078
76	6	16	1	28	544	707	131	-4.1730	4.1730	-0.6307	-0.1350	-3.2390	1.0391
76	6	17	0	28	51	76	13	0.0000	0.2884	-0.4293	0.0008	-0.0926	0.0606
76	6	18	0	28	32	49	9	-0.5897	0.0000	-0.0374	0.0374	-0.0966	0.0483
76	6	19	0	28	8	9	1	-0.0116	0.1826	-0.1267	0.0056	0.0000	0.0000
76	6	20	0	28	8	9	1	-0.0112	0.1988	-0.0007	0.0877	0.0004	0.0004
76	6	21	0	28	32	66	12	-0.0796	0.0792	-0.2181	0.2181	-0.2181	0.2181
76	6	22	0	28	3	3	0	-0.0069	0.0070	-0.0006	0.0006	-0.0020	0.0020
76	6	23	0	28	8	9	1	-0.0063	0.0063	-0.0212	0.0202	-0.6913	0.0004
76	6	24	0	28	8	9	1	-0.0061	0.0063	-0.0212	0.0202	-0.2493	0.0004
76	6	25	0	28	33	50	8	-0.6984	0.8186	-0.0319	0.0724	-0.0000	0.4640
76	6	26	0	28	24	31	4	-0.8564	0.8756	-0.4336	-0.0000	-0.6427	0.0000
76	6	27	0	28	22	36	6	-0.8564	0.8756	-0.4336	-0.0000	-0.0000	0.6427
76	6	28	0	28	8	9	1	-0.0052	0.0052	-0.2231	0.2707	-0.0258	0.0258
76	6	29	0	28	3	3	0	-0.0421	0.0421	-0.0000	0.0346	-0.0239	0.0000
76	6	30	0	28	8	9	1	-0.0614	0.0610	-0.6326	-0.0000	-0.0000	0.0000
76	6	31	0	28	8	9	1	-0.0614	0.0610	-0.6422	0.0000	-0.0000	-0.0000
76	6	32	0	28	26	52	10	-0.1215	0.0685	-1.1434	0.0190	-0.0704	0.0685
76	6	33	0	28	3	3	0	-0.0126	0.0126	-0.0000	-0.0000	-0.0000	0.0126
76	6	34	0	28	20	24	4	-0.0381	0.0509	-0.1245	0.2068	-0.0639	0.0639
76	6	35	0	28	34	56	8	-0.0906	0.0906	-0.3222	0.3222	-0.3222	0.3222
76	6	36	0	28	8	19	3	-0.0404	0.0404	0.0000	0.4819	-0.0404	0.0404
76	6	37	0	28	12	24	4	-0.0623	0.0623	-0.6477	0.0000	-0.0623	0.0623
76	6	38	0	28	3	3	0	-0.0421	0.0421	0.0000	0.0346	0.0000	0.0239
76	6	39	0	28	8	9	1	-0.0614	0.0610	-0.6326	-0.0000	-0.0000	0.0000
76	6	40	0	28	8	9	1	-0.0614	0.0610	-0.6422	0.0000	0.0000	0.0000
76	6	41	0	28	26	52	10	-0.1215	0.0685	-1.1434	0.0190	-0.0685	0.0704
76	6	42	0	28	3	3	0	-0.0126	0.0126	0.0000	0.0000	-0.0126	-0.0000
76	6	43	0	28	20	24	4	-0.0381	0.0509	-0.1245	0.2068	-0.0639	0.0639
76	6	44	0	28	86	113	27	-2.2116	-2.0305	-0.3222	0.3222	-0.3222	0.3222
76	6	45	0	28	8	19	3	-0.0404	0.0404	0.0000	0.4819	-0.0404	0.0404
76	6	46	0	28	12	24	4	-0.0623	0.0623	-0.6477	-0.0000	-0.0623	0.0623
76	6	47	0	28	8	9	1	-0.0052	0.0052	-0.2231	0.2707	-0.0258	0.0258
76	7	0	0	28	568	1102	110	-4.8540	4.8540	-1.4070	3.2981	-10.1540	5.0812
76	7	1	0	28	12	24	2	-0.4203	-0.0413	-0.0305	0.0330	0.0781	0.9545
76	7	2	0	28	12	24	2	-0.4203	-0.0414	-0.1079	-0.0180	0.0781	0.9545
76	7	3	0	28	12	24	2	0.0414	0.4203	-0.1079	-0.0180	0.0781	0.9545
76	7	4	0	28	12	24	2	0.0413	0.4203	-0.0305	0.0330	0.0781	0.9545
76	7	5	0	28	30	57	5	-2.5668	0.0627	0.0007	0.0911	-0.0067	0.8060
76	7	6	0	28	30	57	5	-0.0627	2.5668	0.0007	0.0911	-0.0067	0.8060
76	7	7	0	28	12	24	2	-0.4461	4.0667	0.0044	0.0920	-0.6181	0.0016
76	7	8	0	28	12	24	2	-4.0667	0.4461	0.0044	0.0920	-0.6181	0.0016
76	7	9	0	28	18	32	2	0.0109	1.8441	-0.0812	0.0285	-1.1976	1.3252
76	7	10	0	28	18	32	2	-1.8441	-0.0109	-0.0812	0.0285	-1.1976	1.3252
76	7	11	0	28	12	24	2	0.0075	2.7380	-0.0000	0.0000	0.0017	0.7123
78	6	0	0	28	105	134	26	-1.0180	1.0180	-0.9120	0.1370	-0.7843	8.0228
78	6	1	0	28	2155	3441	627	-6.3100	6.3100	-0.9120	2.9016	-11.7080	5.7482
78	6	1	1	28	298	417	79	-0.9318	0.9318	-0.9000	1.3066	-9.6009	5.7482
78	6	1	2	28	60	84	16	-0.9275	0.9369	-0.3888	1.2909	-7.2320	4.9434
78	6	1	3	28	250	327	51	-6.5999	6.5839	-0.2553	0.2436	-1.5080	1.3613
78	6	2	0	28	22	27	5	-0.0335	2.1756	-0.0753	0.0755	-0.0504	0.6773
78	6	3	0	28	22	27	5	-0.0385	2.1756	-0.0755	0.0753	-0.0475	0.6773
78	6	4	0	28	26	32	6	-0.4217	0.4458	-0.1219	0.0000	-0.0000	0.3617
78	6	5	0	28	26	32	6	-0.4458	0.4217	-0.1219	0.0000	-0.0000	0.3617
78	6	6	0	28	16	19	3	-2.7524	0.2946	-0.0176	0.0398	-0.0001	0.5115
78	6	7	0	28	16	19	3	-0.2946	2.7524	-0.0176	0.0398	-0.0001	0.5115
78	6	8	0	28	31	45	8	-0.4222	0.3667	-0.0000	0.2539	-0.9121	0.1149
78	6	9	0	28	31	45	8	-0.3667	0.4222	0.0000	0.2539	-0.9121	0.1149
78	6	10	0	28	30	40	6	-0.1000	0.1000	-0.1380	0.0480	0.0000	1.6480
78	6	11	0	28	23	27	4	-2.8234	0.2872	0.0000	0.2127	-0.7092	0.0754
78	6	12	0	28	23	30	5	-0.2872	2.8234	0.0000	0.2127	-0.7092	0.0754
78	6	13	0	28	49	66	13	-2.8291	0.2894	-0.0000	0.3399	-0.0000	1.4297
78	6	14	0	28	49	66	13	-0.2894	2.8291	-0.0000	0.3399	-0.0000	1.4297
78	6	15	0	28	30	42	8	-2.3140	0.1480	-0.0580	0.0580	-1.4080	2.3980
78	6	16	0	28	30	42	8	-0.1480	2.3140	-0.0580	0.0580	-1.4080	2.3980
78	6	17	0	28	27	32	5	-1.7091	0.2160	0.0000	0.1238	-0.5342	0.0439
78	6	18	0	28	8	9	1	-1.9307	-0.0000	-0.0117	0.0000	-0.0001	0.2606
78	6	19	0	28	41	55	12	-1.2917	0.6817	-0.0970	0.1758	-0.0000	0.8720
78	6	20	0	28	41	55	12	-0.6817	1.2917	-0.0970	0.1758	-0.0000	0.8720
78	6	21	0	28	27	35	6	-0.2160	1.7091	0.0000	0.1238	-0.5342	0.0439
78	6	22	0	28	8	9	1	0.0000	1.9307	-0.0117	0.0000	-0.0001	0.2606
78	6	23	0	28	8	9	1	-0.0052	0.0045	-0.1241	0.1243	-0.2448	0.2448
78	6	24	0	28	6	9	1	-0.0045	0.0052	-0.1196	0.1198	-0.2449	0.2449
78	6	25	0	28	79	141	27	-1.0180	1.0180	-0.2390	0.2210	-4.4034	4.4034
78	6	26	0	28	24	29	5	-1.7526	1.7526	0.0411	1.9335	-9.8111	3.3040
78	6	27	0	28	4	4	0	-0.0992	0.0992	0.9496	1.0888	-7.5372	-7.3612
78	6	27	1	28	98	215	27	-0.4229	0.4229	0.7242	1.5382	-8.3280	-3.9188
78	6	28	0	28	314	478	58	-4.4492	4.4492	-0.8134	0.2049	-2.6187	1.1911
78	6	28	1	28	1264	1663	319	-4.7323	4.7323	-1.4570	-0.2444	-3.6233	1.6125
78	6	29	0	28	12	19	3	-0.6193	0.6187	-0.0482	0.0008	-0.0008	0.3388
78	6	30	0	28	8	9	1	-0.3585	0.3564	-0.0860	0.0000	-0.0000	0.2980
78	6	31	0	28	8	9	1	-0.3585	0.3564	-0.0860	0.0000	-0.2980	0.0000
78	6	32	0	28	20	36	6	-0.1724	0.1804	-0.0036	0.0484	-1.3658	0.0002
78	6	33	0	28	13	15	2	-0.0679	0.0679	0.0000	1.4781	-0.0106	0.0580
78	6	34	0	28	29	46	8	-0.1419	0.1421	-0.9095	0.0001	-0.2150	0.2331
78	6	35	0	28	12	24	4	-0.0520	0.0521	-0.8444	-0.0244	-0.0526	0.0520
78	6	36	0	28	64	130	24	-0.2304	0.2304	-0.2688	0.2688	-0.2688	0.2688
78	6	37	0	28	4	4	0	-0.0410	0.0410	0.0000	0.0922	-0.2675	0.0000
78	6	38	0	28	4	4	0	-0.0263	0.0270	-0.0000	0.0000	-0.0000	0.3148
78	6	39	0	28	8	9	1	-0.0284	0.0284	-0.0419	0.0419	-0.7037	0.0000
78	6	40	0	28	26	42	8	-0.0836	0.4183	-0.8830	0.0313	-0.1819	0.0877
78	6	41	0	28	16	27	5	-0.1479	0.2020	-0.1029	0.1006	-0.7413	0.1135
78	6	42	0	28	52	87	19	-0.2366	-0.0342	-0.3608	0.3604	-0.3607	0.3603
78	6	43	0	28	15	17	2	-0.0224	0.0449	-0.5795	0.0580	-0.0673	0.0673
78	6	44	0	28	12	14	2	-0.0182	0.0364	-0.4374	0.0800	-0.0546	0.0546
78	6	45	0	28	8	9	1	-0.0322	0.0322	0.0000	0.6242	-0.0019	0.0019
78	6	46	0	28	26	42	8	-0.0836	0.4183	-0.8830	0.0313	-0.0877	0.1819
78	6	47	0	28	16	27	5	-0.1479	0.2020	-0.1029	0.1006	-0.1135	0.7413
78	6	48	0	28	32	69	13	0.0342	0.2366	-0.3608	0.3604	-0.3607	0.3603
78	6	49	0	28	7	14	1	-0.0224	0.0449	-0.5795	0.0580	-0.0673	0.0673
78	6	50	0	28	6	8	0	-0.0182	0.0364	-0.4374	0.0800	-0.0546	0.0546
78	6	51	0	28	8	9	1	-0.0322	0.0322	-0.0000	0.6242	-0.0019	0.0019
78	6	52	0	28	20	27	3	-0.4115	0.4650	-0.2049	0.0000	-0.0000	0.4312
78	6	53	0	28	16	26	4	-0.5079	0.4684	-0.0000	0.0064	-0.5350	0.0000
78	6	54	0	28	20	33	5	-0.6533	0.7149	-0.0063	0.0090	-0.6720	0.0000
78	6	55	0	28	20	30	4	-0.6532	0.7149	-0.0063	0.0026	-0.0000	0.6720
78	6	56	0	28	16	26	4	-0.5079	0.4682	-0.0000	0.0000	-0.0000	0.5350
78	6	57	0	28	20	27	3	-0.4115	0.4650	-0.2049	0.0000	-0.4312	0.0000
78	6	58	0	28	8	9	1	-0.0459	0.0352	-0.1978	0.0272	-0.0288	0.0021
78	6	59	0	28	8	9	1	-0.0459	0.0352	-0.1978	0.0272	-0.0021	0.0288
78	7	0	0	28	554	1063	105	-6.3062	6.3062	-0.8975	2.8843	-11.7063	5.1300
78	7	1	0	28	12	24	2	0.0059	2.1667	-0.0001	0.0001	-0.0021	0.6587
78	7	2	0	28	12	24	2	0.0059	2.1667	-0.0001	0.0001	-0.0021	0.6587
78	7	3	0	28	30	54	4	-0.4217	0.4414	-0.1216	-0.0002	-0.0000	0.3537
78	7	4	0	28	30	57	5	-0.4414	0.4217	-0.1216	-0.0002	-0.0000	0.3537
78	7	5	0	28	30	54	4	-2.7411	0.2807	-0.0172	0.0312	-0.0016	0.4944
78	7	6	0	28	30	54	4	-0.2807	2.7411	-0.0172	0.0312	-0.0016	0.4944
78	7	7	0	28	12	24	2	-0.4015	0.3561	0.0003	0.1265	-0.9074	0.0033
78	7	8	0	28	12	24	2	-0.3561	0.4015	0.0003	0.1265	-0.9074	0.0033
78	7	9	0	28	12	24	2	-2.8118	0.2733	0.0314	0.1155	-0.6968	-0.0006
78	7	10	0	28	12	24	2	-0.2733	2.8119	0.0314	0.1155	-0.6968	-0.0006
78	7	11	0	28	12	24	2	-2.8181	0.2688	0.1231	0.2312	0.0705	1.4141
78	7	12	0	28	12	24	2	-0.2688	2.8181	0.1231	0.2312	0.0705	1.4141
78	7	13	0	28	30	57	5	-2.2835	0.1371	-0.0109	0.0109	-1.3478	2.3816
78	7	14	0	28	30	54	4	-0.1371	2.2835	-0.0109	0.0109	-1.3478	2.3816
78	7	15	0	28	12	24	2	-1.7031	0.2046	0.0175	0.0617	-0.5273	0.0007
78	7	16	0	28	12	24	2	-1.9235	-0.0099	-0.0122	-0.0046	-0.0014	0.2552
78	7	17	0	28	12	24	2	-1.2836	0.6668	0.0677	0.1312	0.0586	0.8597
78	7	18	0	28	12	24	2	-0.6668	1.2836	0.0678	0.1312	0.0586	0.8597
78	7	19	0	28	12	24	2	-0.2046	1.7031	0.0175	0.0617	-0.5273	0.0007
78	7	20	0	28	12	24	2	0.0099	1.9235	-0.0122	-0.0046	-0.0014	0.2552
80	20	0	0	28	372	478	80	-2.0033	2.0033	0.0000	5.2698	-7.5567	6.7913
80	20	0	1	28	88	110	18	-2.0033	2.0033	0.6423	5.3342	-7.2835	5.8014
80	21	0	0	28	104	130	24	-2.0033	2.0033	0.0000	5.3342	-7.2835	5.8014
80	21	0	1	28	130	166	30	-2.0033	2.0033	0.0000	5.1895	-7.5567	6.6603
80	22	0	0	28	116	142	26	-2.0033	2.0033	-0.0000	5.1895	-7.5567	6.4138
80	23	0	0	28	20	24	4	-2.0033	2.0033	0.0000	5.1895	-7.5567	6.3893
80	24	0	0	28	352	453	75	-2.0033	2.0033	0.0000	5.1895	-7.5567	6.7913
80	24	0	1	28	32	39	7	-2.0033	2.0033	0.6423	2.2879	-7.2835	3.2475
80	25	0	0	28	74	93	17	-2.0033	2.0033	0.0000	2.4157	-7.2835	5.4873
80	25	0	1	28	130	166	30	-2.0033	2.0033	0.0000	5.1895	-7.5567	6.6603
80	26	0	0	28	116	142	26	-2.0033	2.0033	-0.0000	5.1895	-7.5567	6.4138
80	27	0	0	28	20	24	4	-2.0033	2.0033	0.0000	5.1895	-7.5567	6.3893
80	28	0	0	28	13	19	3	-2.1533	2.1533	0.0000	0.0000	-7.7067	6.8063
82	20	0	0	28	68	83	13	-2.0929	2.0929	2.0103	3.5900	0.0341	2.6868
82	20	0	1	28	300	392	66	-1.5960	1.6427	0.0000	3.5257	-3.6147	3.6355
82	21	0	0	28	174	218	36	-1.5961	1.6429	0.0000	2.8444	-3.6149	3.6358
82	21	0	1	28	34	41	7	0.0000	0.6495	2.8442	3.5900	0.0341	2.6868
82	22	0	0	28	103	129	21	-1.5961	1.6429	0.0000	2.8444	-3.6149	3.6358
82	23	0	0	28	20	24	4	-1.5961	1.5961	0.0000	2.0283	-3.6149	3.6358
82	24	0	0	28	280	367	61	-1.5960	1.6427	0.0000	2.8442	-3.6147	3.6355
82	25	0	0	28	174	218	36	-1.5961	1.6429	0.0000	2.8444	-3.6149	3.6358
82	26	0	0	28	103	129	21	-1.5961	1.6429	0.0000	2.8444	-3.6149	3.6358
82	27	0	0	28	20	24	4	-1.5961	1.5961	0.0000	2.0283	-3.6149	3.6358
82	28	0	0	28	13	19	3	-1.7460	1.7460	0.0000	0.0000	-3.7647	3.7855
84	20	0	0	28	320	400	70	-2.0317	2.0317	-0.0000	6.0241	-5.8194	5.8605
84	20	1	0	28	38	46	8	-0.1862	0.1862	5.6724	7.2143	-0.9558	2.1654
84	20	1	1	28	20	40	6	-3.1214	3.1214	6.2744	9.3739	-0.8848	2.1654
84	21	0	0	28	106	128	22	-2.0317	2.0317	1.4927	6.0241	-5.8194	5.7219
84	21	0	1	28	52	64	12	-1.7594	1.7594	-0.0000	1.9720	-5.2452	5.8605
84	21	1	0	28	20	27	4	-3.1214	3.1214	5.6724	9.3739	-0.8848	2.1654
84	22	0	0	28	68	84	16	-1.7594	1.7594	-0.0000	5.3106	-5.8194	5.5600
84	22	1	0	28	4	4	0	-2.8335	2.8335	6.3307	9.3018	-0.5975	-0.2913
84	23	0	0	28	20	24	4	-1.7594	1.7594	0.0000	5.3106	-5.8194	5.5600
84	24	0	0	28	300	375	65	-2.0317	2.0317	-0.0000	6.0241	-5.8194	5.8605
84	25	0	0	28	102	123	21	-2.0317	2.0317	1.4927	6.0241	-5.8194	5.7219
84	25	0	1	28	52	64	12	-1.7594	1.7594	-0.0000	1.9720	-5.2452	5.8605
84	26	0	0	28	68	84	16	-1.7594	1.7594	-0.0000	5.3106	-5.8194	5.5600
84	27	0	0	28	20	24	4	-1.7594	1.7594	0.0000	5.3106	-5.8194	5.5600
84	28	0	0	28	13	19	3	-1.9220	1.9094	0.0000	0.0000	-5.9694	6.0105
86	12	0	0	28	58	68	6	-8.5427	8.5427	0.0000	4.4332	-8.1245	15.4749
86	13	0	0	28	36	42	6	-8.7991	8.7991	0.0000	4.4332	-7.6202	15.4749
86	14	0	0	28	14	18	2	-9.4023	9.4023	0.0000	4.4332	-9.4023	9.4023
86	15	0	0	28	5	9	1	-9.4023	9.4023	0.0000	5.8467	-9.4023	9.4023
86	16	0	0	28	58	68	6	-3.4171	3.4171	0.0000	1.7733	-3.2498	6.1900
88	16	0	0	28	77	104	17	-39.7157	39.7157	-6.5054	8.8593	-59.9236	9.9957
88	17	0	0	28	77	104	17	-39.7157	39.7157	-6.5054	8.8593	-59.9236	9.9957
88	18	0	0	28	20	29	5	-39.7157	39.7158	-6.5054	4.2703	-32.3845	9.9956
88	19	0	0	28	20	29	5	-39.7157	39.7158	-6.5054	4.2703	-32.3845	9.9956
88	20	0	0	28	50	60	10	-39.7157	39.7157	-6.5053	8.8593	-59.9236	-32.3845
88	21	0	0	28	50	60	10	-39.7157	39.7157	-6.5053	8.8593	-59.9236	-32.3845
88	22	0	0	28	24	29	5	-39.7157	39.7158	-6.5053	4.2703	-59.9236	-32.3845
88	23	0	0	28	24	29	5	-39.7157	39.7158	-6.5053	4.2703	-59.9236	-32.3845
88	24	0	0	28	77	104	17	-15.8863	15.8863	-2.6021	3.5437	-23.9694	3.9983
90	6	0	0	28	137	195	38	-2.2411	2.2411	-0.2607	0.8116	-1.1532	8.3398
90	6	0	1	28	12	16	2	-2.1312	2.1312	-0.1303	0.2804	-1.1532	1.6361
90	6	1	0	28	2055	3316	548	-7.2386	7.2386	-1.2032	3.3952	-14.3184	6.9985
90	6	1	1	28	172	218	44	-1.7045	1.7045	-0.8949	1.3290	-4.5785	5.8844
90	6	1	2	28	36	44	8	-1.6298	1.6298	-0.7154	1.4500	-9.0691	3.8527
90	6	1	3	28	266	327	51	-7.2829	7.2829	-0.1389	0.1341	-0.0951	1.9847
90	6	2	0	28	24	29	5	-1.0101	0.9635	-0.0356	0.0638	-0.0181	0.7188
90	6	3	0	28	20	24	4	-1.9920	2.4014	-0.0000	0.1857	-0.5252	0.0000
90	6	4	0	28	16	19	3	-1.1650	0.8564	-0.0538	0.0607	-1.0142	-0.1870
90	6	5	0	28	45	55	10	-0.9663	0.9971	-0.0000	0.1565	-0.4151	0.0921
90	6	6	0	28	24	29	5	-1.0101	0.9635	-0.0356	0.0638	-0.7188	0.0181
90	6	7	0	28	20	24	4	-1.9920	2.4014	-0.0000	0.1857	0.0000	0.5252
90	6	8	0	28	16	19	3	-1.1650	0.8564	-0.0538	0.0607	0.1870	1.0142
90	6	9	0	28	45	55	10	-0.9663	0.9971	-0.0000	0.1565	-0.0921	0.4151
90	6	10	0	28	28	39	7	-1.0091	1.3041	-0.0000	0.2651	-0.6814	0.0000
90	6	11	0	28	16	19	3	-0.9540	0.6028	-0.0853	0.0365	0.2594	1.2530
90	6	12	0	28	50	62	12	-0.7958	0.7042	-0.0234	0.1500	-0.0937	0.5374
90	6	13	0	28	28	36	6	-1.3041	1.0091	-0.2651	0.0000	0.0000	0.6814
90	6	14	0	28	16	19	3	-0.9540	0.6028	-0.0853	0.0365	-1.2530	-0.2594
90	6	15	0	28	50	62	12	-0.7958	0.7042	-0.0234	0.1500	-0.5374	0.0937
90	6	16	0	28	40	55	11	-1.2427	1.1354	-0.9205	0.0426	-0.0557	0.0557
90	6	17	0	28	34	52	10	-1.2427	1.1354	-0.9205	0.0426	-0.0557	0.0557
90	6	18	0	28	4	4	0	-0.0943	0.0943	1.4749	1.6272	-9.2016	-9.0503
90	6	18	1	28	60	125	19	-0.4115	0.4115	1.1751	1.8377	-9.9563	-7.1277
90	6	19	0	28	56	72	14	-0.4787	0.4787	-0.4952	0.0764	-0.0381	3.0049
90	6	19	1	28	25	42	6	-0.4787	0.4787	-0.4952	0.0764	-0.0381	3.0049
90	6	20	0	28	9	12	1	-0.0708	0.0708	-0.0608	0.0518	-1.3493	0.1704
90	6	21	0	28	4	5	0	-0.0385	0.0385	-0.0353	0.0297	-1.0176	2.0667
90	6	22	0	28	28	39	7	-3.1971	3.1971	-0.0449	0.0637	-0.8556	1.3661
90	6	23	0	28	62	77	13	-2.7462	0.3766	-0.1055	0.5197	-1.4401	1.9554
90	6	24	0	28	62	74	12	-0.3766	2.7462	-0.1055	0.5197	-1.4401	1.9554
90	6	25	0	28	58	71	13	-0.0912	0.0912	-0.0807	0.1834	-0.0017	2.1838
90	6	26	0	28	87	129	24	-2.2411	2.2411	-0.2607	0.3207	-8.3398	1.1532
90	6	27	0	28	462	595	109	-5.9406	5.9406	-0.3172	0.2947	-1.9799	2.2843
90	6	27	1	28	2034	2591	515	-6.2232	6.2232	-0.6817	0.1635	-2.9396	2.5416
90	6	28	0	28	26	44	7	-1.2928	1.2942	-0.0999	0.0001	-0.5829	-0.0000
90	6	28	1	28	29	44	7	-1.2928	1.2942	-0.0999	0.1037	-0.5829	-0.0000
90	6	29	0	28	152	216	39	-0.2924	0.2924	-1.5385	-0.0543	-0.3797	0.3129
90	6	30	0	28	88	110	20	-0.2629	0.2629	-0.6616	0.6538	-0.0702	0.4105
90	6	31	0	28	36	44	6	-0.0812	0.0812	-0.0438	0.0438	-0.7566	0.0247
90	6	32	0	28	64	109	17	-0.2599	0.2599	-0.2919	0.2919	-0.2919	0.2919
90	6	33	0	28	6	7	1	-0.0492	0.0492	-0.3181	0.1081	-0.0684	0.2026
90	6	34	0	28	6	7	1	-0.0423	0.0423	-0.3939	-0.0000	-0.2059	-0.0000
90	6	35	0	28	12	14	2	-0.0653	0.0653	-0.0000	0.1484	-1.1187	0.0020
90	6	35	1	28	21	27	4	-0.0653	0.0653	-0.0000	0.1636	-1.1312	0.0709
90	6	36	0	28	6	8	0	-0.0184	0.0184	-0.0149	0.0246	-0.0635	1.0587
90	6	37	0	28	15	23	4	-0.5683	0.8750	-0.4095	-0.0000	-0.0000	0.8195
90	6	37	1	28	15	17	2	-0.5683	0.8750	-0.4095	0.0000	-0.0000	0.8195
90	6	38	0	28	10	16	2	-1.7302	0.8245	-0.3644	-0.0000	-0.0000	0.5540
90	6	38	1	28	10	19	3	-1.7302	0.8245	-0.3644	0.0000	-0.0000	0.5540
90	6	39	0	28	21	35	6	-0.1302	0.1479	-1.3352	0.1326	-0.1302	0.1302
90	6	40	0	28	35	55	9	-0.3050	0.0803	-1.0323	0.0793	-0.2745	0.1686
90	6	41	0	28	32	69	13	-0.1602	0.1602	-0.5319	0.5319	-0.5319	0.5319
90	6	42	0	28	8	9	1	-0.0984	0.0984	-0.3835	-0.0000	-0.0000	0.0319
90	6	43	0	28	8	9	1	-0.1021	0.0947	-0.4645	-0.0000	-0.0000	0.0069
90	6	44	0	28	22	26	4	-0.0380	0.0380	-0.0014	0.2553	-0.0000	0.0428
90	6	45	0	28	12	16	2	-0.0643	0.0571	-0.0244	0.0116	-0.3093	0.0000
90	6	46	0	28	15	17	2	-0.5683	0.8750	-0.4095	-0.0000	-0.8195	0.0000
90	6	46	1	28	15	23	4	-0.5683	0.8750	-0.4095	0.0000	-0.8195	0.0000
90	6	47	0	28	10	19	3	-1.7302	0.8245	-0.3644	-0.0000	-0.5540	0.0000
90	6	47	1	28	10	16	2	-1.7302	0.8245	-0.3644	0.0000	-0.5540	0.0000
90	6	48	0	28	21	32	5	-0.1479	0.1302	-1.3352	0.1326	-0.1302	0.1302
90	6	49	0	28	35	55	9	-0.0803	0.3050	-1.0323	0.0793	-0.2745	0.1686
90	6	50	0	28	32	39	3	-0.1602	0.1602	-0.5319	0.5319	-0.5319	0.5319
90	6	51	0	28	8	9	1	-0.0984	0.0984	-0.3835	-0.0000	-0.0000	0.0319
90	6	52	0	28	8	9	1	-0.0947	0.1021	-0.4645	-0.0000	-0.0000	0.0069
90	6	53	0	28	22	29	5	-0.0380	0.0380	-0.0014	0.2553	-0.0428	0.0000
90	6	54	0	28	12	16	2	-0.0643	0.0571	-0.0244	0.0116	-0.0000	0.3093
90	7	0	0	28	720	1399	141	-7.1471	7.1471	-1.1700	3.3829	-13.5479	6.9813
90	7	1	0	28	12	24	2	-0.9994	0.9619	-0.0182	0.0148	-0.0147	0.7012
90	7	2	0	28	12	24	2	-1.9841	2.3866	0.0241	0.1051	-0.5176	-0.0028
90	7	3	0	28	12	24	2	-1.1506	0.8435	-0.0468	-0.0328	-0.9962	-0.1983
90	7	4	0	28	12	24	2	-0.9585	0.9915	0.0513	0.1148	-0.3487	-0.0014
90	7	5	0	28	12	24	2	-0.9995	0.9626	-0.0182	0.0154	-0.7012	0.0167
90	7	6	0	28	12	24	2	-1.9841	2.3866	0.0241	0.1051	0.0028	0.5176
90	7	7	0	28	12	24	2	-1.1506	0.8435	-0.0468	-0.0328	0.1983	0.9962
90	7	8	0	28	12	24	2	-0.9585	0.9915	0.0513	0.1148	0.0014	0.3487
90	7	9	0	28	24	43	3	-0.9920	1.2346	0.0447	0.1329	-0.6532	-0.0020
90	7	10	0	28	12	24	2	-0.9421	0.5778	-0.0842	-0.0616	0.3101	1.2356
90	7	11	0	28	12	24	2	-0.7889	0.6831	0.0561	0.0932	0.0049	0.4406
90	7	12	0	28	24	43	3	-1.2346	0.9920	-0.1329	-0.0447	0.0020	0.6532
90	7	13	0	28	12	24	2	-0.9421	0.5778	-0.0842	-0.0616	-1.2356	-0.3101
90	7	14	0	28	12	24	2	-0.7889	0.6831	0.0561	0.0932	-0.4406	-0.0049
90	7	15	0	28	18	35	3	-1.2307	1.1264	-0.9041	0.0074	-0.0000	-0.0000
90	7	16	0	28	18	35	3	-1.2307	1.1264	-0.9041	0.0074	0.0000	0.0000
90	7	17	0	28	48	99	11	-0.4677	0.4677	-0.4902	0.0638	0.3744	2.9757
90	7	18	0	28	24	49	5	-3.1845	3.1845	-0.0437	0.0626	-0.8134	1.3450
90	7	19	0	28	36	74	8	-2.7313	0.3710	-0.0075	0.5116	-1.4242	1.9454
90	7	20	0	28	36	74	8	-0.3710	2.7313	-0.0075	0.5116	-1.4242	1.9454
90	7	21	0	28	20	52	6	-0.0858	0.0858	-0.0576	0.1344	0.0002	2.1269
92	12	0	0	28	125	161	9	-2.7430	2.7430	-2.7430	2.7430	0.0000	28.6336
92	12	0	1	28	6	6	0	-2.7430	2.7430	-2.0080	2.7430	0.0000	0.0000
92	12	1	0	28	78	92	14	-3.9877	3.9880	-3.9566	2.9558	0.0000	14.4895
92	12	1	1	28	30	35	5	-3.9877	3.9880	-3.9566	2.9558	0.0000	8.6778
92	12	2	0	28	31	42	8	-0.1015	0.1015	-0.8042	0.8042	-5.6811	0.0000
92	12	3	0	28	30	37	7	-0.1015	0.1015	-0.8042	0.8042	-5.6811	0.0000
92	12	4	0	28	31	42	8	-0.1015	0.1015	-0.8042	0.8042	-5.6811	0.0000
92	13	0	0	28	49	71	7	-2.8396	2.8396	-2.8396	2.8396	0.0000	28.6336
92	13	0	1	28	8	8	0	-2.8396	2.8396	-2.8396	2.8396	0.0000	0.0000
92	13	1	0	28	62	74	12	-3.8671	3.8671	-3.9551	2.7430	0.0000	14.4895
92	13	1	1	28	12	14	2	-3.8671	3.8671	-3.9551	2.7430	0.0000	0.0000
92	13	2	0	28	9	13	2	-0.1015	0.1015	-0.8042	0.8042	-5.6811	-0.0000
92	13	3	0	28	8	9	1	-0.1015	0.1015	-0.8042	0.8042	-5.6811	0.0000
92	13	4	0	28	9	13	2	-0.1015	0.1015	-0.8042	0.8042	-5.6811	-0.0000
92	14	0	0	28	35	54	6	-2.7381	2.7381	-3.1617	3.1617	0.0000	28.6336
92	14	0	1	28	6	6	0	-2.7381	2.7381	-3.1617	3.1617	0.0000	0.0000
92	14	1	0	28	45	53	8	-3.8671	3.8671	-3.9551	2.7430	0.0000	14.4895
92	14	1	1	28	12	14	2	-3.8671	3.8671	-3.9551	2.7430	0.0000	0.0000
92	15	0	0	28	9	11	2	-3.9540	3.6207	-4.3733	2.1866	-7.1950	28.6336
92	16	0	0	28	125	161	9	-1.0972	1.0972	-1.0972	1.0972	0.0000	11.4534
92	16	0	1	28	6	6	0	-1.0972	1.0972	-0.8032	1.0972	0.0000	0.0000
92	16	1	0	28	78	92	14	-1.5951	1.5952	-1.5826	1.1823	0.0000	5.7958
92	16	1	1	28	30	35	5	-1.5951	1.5952	-1.5826	1.1823	0.0000	3.4711
92	16	2	0	28	31	42	8	-0.0406	0.0406	-0.3217	0.3217	-2.2724	0.0000
92	16	3	0	28	30	37	7	-0.0406	0.0406	-0.3217	0.3217	-2.2724	0.0000
92	16	4	0	28	31	42	8	-0.0406	0.0406	-0.3217	0.3217	-2.2724	0.0000
