neutral	neutral.trace	present	2800397	a932958dfc01e0ba2069bc8513a7592ff7d5730f54ba61daf612c488e632946b	134217728
neutral	neutral.report.json	present	793480	5600e9ef0b846faf657f9dcfad8b300c5a9555c1025a4c1bd57f48529aff87d5	33554432
neutral	neutral.stdout.log	present	650	d91f7fabbdcd59e619631e459834657a53f2539a6aeacbcc3ab7848255f7581e	33554432
neutral	neutral.stderr.log	present	276240	10f4170fa2b8ce7da4fb494b52f15af0f757ad9516cba3e2c7b6d74197259e7e	33554432
neutral	neutral.map.json	present	33808	da0aa568280ea2d5ade85214d8e7d77ef1553d60abb75f7d3efe0f0e6a0ff24e	16777216
neutral	return_code	present	2	7de1555df0c2700329e815b93b32c571c3ea54dc967b89e81ab73b9972b72d1d	32
buttons16	buttons16.trace	present	2800406	e47d114409def7f9b751948fe46761a7ff8d571645b73374df91860287c977f3	134217728
buttons16	buttons16.report.json	present	793480	1d0163e4dea536cb1b78bd16c820d19f062f013c2f55a3e31a9b6a99bdcc2738	33554432
buttons16	buttons16.stdout.log	present	654	3767995e9b97396cbe9be7b416afc721f23160a7d68b8fb1f88ad6a4f93beb62	33554432
buttons16	buttons16.stderr.log	present	275242	3bad3cb9c830badc345f39a2e5ff0c9b7211c2491316d1134f500914da3b2d21	33554432
buttons16	buttons16.map.json	present	30985	afdadc0df0d13f8dae535324d921e285d028d6b19373add8858874a11b59913f	16777216
buttons16	return_code	present	2	7de1555df0c2700329e815b93b32c571c3ea54dc967b89e81ab73b9972b72d1d	32
