neutral	neutral.trace	present	58495408	ba3871e2ee1411e52ca66938c5457fcddc746403056de70eedd2258e1a4df562	134217728
neutral	neutral.report.json	present	968381	99dba4f56917bbd6f6569718d8788eec5ce52ea17f3788d719f32abb12396533	33554432
neutral	neutral.stdout.log	present	651	b0addafd73cbee2f65d9c82cf299aee8443fae8c07ac2ce8d1d7996233d7e9a1	33554432
neutral	neutral.stderr.log	present	17617	0deef07a36b7ccc248cf500a58cefee6341e3c33d703b89714511d3bb2ff6029	33554432
neutral	neutral.map.json	missing	0		16777216
neutral	return_code	present	2	7de1555df0c2700329e815b93b32c571c3ea54dc967b89e81ab73b9972b72d1d	32
buttons16	buttons16.trace	present	58495417	30bb9fb66f1a027d294fef4151dc63da15e4f5509650444a5868b88ba43bd946	134217728
buttons16	buttons16.report.json	present	968381	90d27b58a59c53119208c041d4bcaf194f0c4b0f54688fea34a94bdb303ee468	33554432
buttons16	buttons16.stdout.log	present	655	2d2e00f0d6faacaa82f7b2ba485571acf838473824dd0253d5565d84791ddd21	33554432
buttons16	buttons16.stderr.log	present	16619	7107a5823716cdfe036e8d6281262424f8d49a83f01309ebffadb98303de8519	33554432
buttons16	buttons16.map.json	missing	0		16777216
buttons16	return_code	present	2	7de1555df0c2700329e815b93b32c571c3ea54dc967b89e81ab73b9972b72d1d	32
