# vpermwi128 sites: address, instruction word, the immediate
# this SLEIGH module decodes, and the destination/source it names.
# Produced by scripts/Ac6VpermwiSites.java. Read-only, no oracle.
# columns: address word ghidra_immediate vd vb
8209ca88	0x1943f2d3	0x7e	vr10	vr126
8209ca98	0x1927f313	0x9e	vr9	vr126
8209cb34	0x19ab4350	0xa8	vr13	vr8
820a0b5c	0x19a3f2d3	0x7e	vr13	vr126
820a0b64	0x1987f313	0x9e	vr12	vr126
820a0b6c	0x1923fad3	0x7f	vr9	vr127
820a0b78	0x1807fb13	0x9f	vr0	vr127
820a9ab8	0x19a363d0	0xec	vr13	vr12
820a9abc	0x199b6390	0xcc	vr12	vr12
820a9bec	0x19b76350	0xac	vr13	vr12
820a9bf0	0x199b6250	0x2c	vr12	vr12
820a9ce4	0x199a0350	0xa0	vr12	vr0
820a9ce8	0x180b0350	0xa0	vr0	vr0
820a9cf4	0x18176b50	0xad	vr0	vr13
820a9cf8	0x19bb6a50	0x2d	vr13	vr13
820abf64	0x1b77035c	0xa0	vr123	vr0
820abf68	0x1b5b025c	0x20	vr122	vr0
820abfdc	0x180363d0	0xec	vr0	vr12
820abfe4	0x19bb6390	0xcc	vr13	vr12
820b02c8	0x19870310	0x80	vr12	vr0
820b02cc	0x180302d0	0x60	vr0	vr0
820b02d8	0x19636ad0	0x6d	vr11	vr13
820b02dc	0x19a76b10	0x8d	vr13	vr13
820b0434	0x19870310	0x80	vr12	vr0
820b0438	0x180302d0	0x60	vr0	vr0
820b0444	0x19636ad0	0x6d	vr11	vr13
820b0448	0x19a76b10	0x8d	vr13	vr13
820b2258	0x18036ad0	0x6d	vr0	vr13
820b225c	0x19a76b10	0x8d	vr13	vr13
820b2260	0x18e75b10	0x8b	vr7	vr11
820b2264	0x19635ad0	0x6b	vr11	vr11
820f903c	0x198a03d0	0xe0	vr12	vr0
820f9040	0x180b0350	0xa0	vr0	vr0
820f904c	0x18036bd0	0xed	vr0	vr13
820f9050	0x19bb6b90	0xcd	vr13	vr13
820f90ec	0x198e0350	0xa0	vr12	vr0
820f90f0	0x180b0350	0xa0	vr0	vr0
820f90fc	0x180f6b10	0x8d	vr0	vr13
820f9100	0x19af6ad0	0x6d	vr13	vr13
820f91ac	0x19aafbd3	0xff	vr13	vr127
820f91b4	0x199afb53	0xbf	vr12	vr127
820f91b8	0x196efb53	0xbf	vr11	vr127
820f91bc	0x194bfb53	0xbf	vr10	vr127
820f91c0	0x1bcbfb5f	0xbf	vr126	vr127
820f93c0	0x188afbd3	0xff	vr4	vr127
820f93d8	0x18cefb53	0xbf	vr6	vr127
820f93ec	0x18bafb53	0xbf	vr5	vr127
820f9554	0x19aa03d0	0xe0	vr13	vr0
820f955c	0x199a0350	0xa0	vr12	vr0
820f9564	0x196e0350	0xa0	vr11	vr0
820f956c	0x194b0350	0xa0	vr10	vr0
820f9574	0x192a03d0	0xe0	vr9	vr0
820f957c	0x191a0350	0xa0	vr8	vr0
820f9584	0x18ee0350	0xa0	vr7	vr0
820f958c	0x180b0350	0xa0	vr0	vr0
8211939c	0x18ea5bd0	0xeb	vr7	vr11
821194b0	0x1a945b50	0xab	vr20	vr11
821194d8	0x188153d0	0xea	vr4	vr10
82119500	0x1ade2210	0x04	vr22	vr4
82119504	0x19a36390	0xcc	vr13	vr12
82119508	0x1b736250	0x2c	vr27	vr12
82119510	0x1b1363d0	0xec	vr24	vr12
82119544	0x19ab4ad0	0x69	vr13	vr9
82119548	0x19274a10	0x09	vr9	vr9
82119550	0x1babda90	0x5b	vr29	vr27
8211955c	0x19a0fa50	0x3f	vr13	vr31
821195a8	0x198f6390	0xcc	vr12	vr12
821195b0	0x1ba32a90	0x45	vr29	vr5
821195b4	0x1b702250	0x24	vr27	vr4
82119680	0x19aa03d0	0xe0	vr13	vr0
82119688	0x199a0350	0xa0	vr12	vr0
82119690	0x196e0350	0xa0	vr11	vr0
82119698	0x180b0350	0xa0	vr0	vr0
8211a630	0x19670a10	0x01	vr11	vr1
8211a640	0x193e63d0	0xec	vr9	vr12
8211a648	0x191b0310	0x80	vr8	vr0
8211a64c	0x18e302d0	0x60	vr7	vr0
8211a658	0x19406a90	0x4d	vr10	vr13
8211a65c	0x19046b50	0xad	vr8	vr13
8211a670	0x19426a90	0x4d	vr10	vr13
8211a67c	0x19a86b10	0x8d	vr13	vr13
8211a690	0x19870210	0x00	vr12	vr0
8211a93c	0x19670a10	0x01	vr11	vr1
8211a94c	0x193e63d0	0xec	vr9	vr12
8211a954	0x191b0310	0x80	vr8	vr0
8211a958	0x18e302d0	0x60	vr7	vr0
8211a964	0x19406a90	0x4d	vr10	vr13
8211a968	0x19046b50	0xad	vr8	vr13
8211a97c	0x19426a90	0x4d	vr10	vr13
8211a988	0x19a86b10	0x8d	vr13	vr13
8211a99c	0x19870210	0x00	vr12	vr0
8211ad7c	0x19670a10	0x01	vr11	vr1
8211ad8c	0x193e63d0	0xec	vr9	vr12
8211ad94	0x191b0310	0x80	vr8	vr0
8211ad98	0x18e302d0	0x60	vr7	vr0
8211ada4	0x19406a90	0x4d	vr10	vr13
8211ada8	0x19046b50	0xad	vr8	vr13
8211adbc	0x19426a90	0x4d	vr10	vr13
8211adc8	0x19a86b10	0x8d	vr13	vr13
8211addc	0x19870210	0x00	vr12	vr0
8211b0a8	0x19670a10	0x01	vr11	vr1
8211b0b8	0x193e63d0	0xec	vr9	vr12
8211b0c0	0x191b0310	0x80	vr8	vr0
8211b0c4	0x18e302d0	0x60	vr7	vr0
8211b0d0	0x19406a90	0x4d	vr10	vr13
8211b0d4	0x19046b50	0xad	vr8	vr13
8211b0e8	0x19426a90	0x4d	vr10	vr13
8211b0f4	0x19a86b10	0x8d	vr13	vr13
8211b108	0x19870210	0x00	vr12	vr0
8211c44c	0x19af6310	0x8c	vr13	vr12
8211c450	0x198f62d0	0x6c	vr12	vr12
8211c53c	0x19b76350	0xac	vr13	vr12
8211c554	0x199b6250	0x2c	vr12	vr12
8211c638	0x19a363d0	0xec	vr13	vr12
8211c640	0x199b6390	0xcc	vr12	vr12
82125c44	0x19870210	0x00	vr12	vr0
82125c4c	0x191b6b10	0x8d	vr8	vr13
82125c54	0x18e36ad0	0x6d	vr7	vr13
82125c60	0x19000290	0x40	vr8	vr0
82125c64	0x18040350	0xa0	vr0	vr0
82125c7c	0x19625a90	0x4b	vr11	vr11
82125c84	0x19a86310	0x8c	vr13	vr12
82125c90	0x19470210	0x00	vr10	vr0
82125dcc	0x19870210	0x00	vr12	vr0
82125dec	0x191b6b10	0x8d	vr8	vr13
82125df4	0x18e36ad0	0x6d	vr7	vr13
82125e00	0x19000290	0x40	vr8	vr0
82125e04	0x18040350	0xa0	vr0	vr0
82125e1c	0x19625a90	0x4b	vr11	vr11
82125e24	0x19a86310	0x8c	vr13	vr12
82125e34	0x19470210	0x00	vr10	vr0
821264b4	0x19870210	0x00	vr12	vr0
821264cc	0x191b6b10	0x8d	vr8	vr13
821264d4	0x18e36ad0	0x6d	vr7	vr13
821264e0	0x19000290	0x40	vr8	vr0
821264e4	0x18040350	0xa0	vr0	vr0
821264fc	0x19625a90	0x4b	vr11	vr11
82126504	0x19a86310	0x8c	vr13	vr12
82126518	0x19470210	0x00	vr10	vr0
82126e28	0x18173b50	0xa7	vr0	vr7
82126e2c	0x19bb3a50	0x27	vr13	vr7
82126f10	0x18036bd0	0xed	vr0	vr13
82126f14	0x19bb6b90	0xcd	vr13	vr13
821340a8	0x19870210	0x00	vr12	vr0
821340b4	0x191b6b10	0x8d	vr8	vr13
821340b8	0x18e36ad0	0x6d	vr7	vr13
821340c4	0x19000290	0x40	vr8	vr0
821340c8	0x18040350	0xa0	vr0	vr0
821340dc	0x19825a90	0x4b	vr12	vr11
821340e8	0x19a85b10	0x8b	vr13	vr11
821340f0	0x19470210	0x00	vr10	vr0
821345cc	0x19870210	0x00	vr12	vr0
821345d8	0x191b6b10	0x8d	vr8	vr13
821345dc	0x18e36ad0	0x6d	vr7	vr13
821345e8	0x19000290	0x40	vr8	vr0
821345ec	0x18040350	0xa0	vr0	vr0
82134600	0x19825a90	0x4b	vr12	vr11
8213460c	0x19a85b10	0x8b	vr13	vr11
82134614	0x19470210	0x00	vr10	vr0
82134d20	0x19a363d0	0xec	vr13	vr12
82134d28	0x199b6390	0xcc	vr12	vr12
82135110	0x19b76350	0xac	vr13	vr12
82135118	0x199b6250	0x2c	vr12	vr12
82135b0c	0x19870210	0x00	vr12	vr0
82135b24	0x191b6b10	0x8d	vr8	vr13
82135b28	0x18e36ad0	0x6d	vr7	vr13
82135b34	0x19000290	0x40	vr8	vr0
82135b38	0x18040350	0xa0	vr0	vr0
82135b4c	0x19825a90	0x4b	vr12	vr11
82135b58	0x19a85b10	0x8b	vr13	vr11
82135b64	0x19470210	0x00	vr10	vr0
8213a038	0x19b76350	0xac	vr13	vr12
8213a03c	0x199b6250	0x2c	vr12	vr12
8213a168	0x19a363d0	0xec	vr13	vr12
8213a170	0x199b6390	0xcc	vr12	vr12
8213ccf0	0x19870310	0x80	vr12	vr0
8213ccf8	0x180302d0	0x60	vr0	vr0
8213ccfc	0x1967e313	0x9c	vr11	vr124
8213cd00	0x19a3e2d3	0x7c	vr13	vr124
8213cd80	0x1963fad3	0x7f	vr11	vr127
8213cd88	0x1947fb13	0x9f	vr10	vr127
8213e0c4	0x19b76350	0xac	vr13	vr12
8213e0cc	0x199b6250	0x2c	vr12	vr12
8213e1ac	0x18036bd0	0xed	vr0	vr13
8213e1b0	0x199b6b90	0xcd	vr12	vr13
8213e2d4	0x1bf7035c	0xa0	vr127	vr0
8213e2d8	0x1bdb025c	0x20	vr126	vr0
8213e374	0x19a35bd0	0xeb	vr13	vr11
8213e37c	0x199b5b90	0xcb	vr12	vr11
8213e45c	0x19af3b10	0x87	vr13	vr7
8213e460	0x198f3ad0	0x67	vr12	vr7
82143bf0	0x19b76350	0xac	vr13	vr12
82143bf8	0x199b6250	0x2c	vr12	vr12
82143ce4	0x180363d0	0xec	vr0	vr12
82143cf0	0x199b6390	0xcc	vr12	vr12
82143e7c	0x19b76350	0xac	vr13	vr12
82143e88	0x199b6250	0x2c	vr12	vr12
82143f78	0x19a363d0	0xec	vr13	vr12
82143f80	0x199b6390	0xcc	vr12	vr12
82144cf8	0x19af6310	0x8c	vr13	vr12
82144d00	0x198f62d0	0x6c	vr12	vr12
82144df4	0x19b76350	0xac	vr13	vr12
82144e00	0x199b6250	0x2c	vr12	vr12
82144ecc	0x19a363d0	0xec	vr13	vr12
82144ed0	0x199b6390	0xcc	vr12	vr12
821485f4	0x1be303dc	0xe0	vr127	vr0
821485f8	0x1bbb039c	0xc0	vr125	vr0
8214eda0	0x19a363d0	0xec	vr13	vr12
8214eda4	0x199b6390	0xcc	vr12	vr12
8214f70c	0x192352d0	0x6a	vr9	vr10
8214f760	0x19875310	0x8a	vr12	vr10
8214f768	0x19a70310	0x80	vr13	vr0
8214f76c	0x180302d0	0x60	vr0	vr0
8214f7f8	0x1963f2d3	0x7e	vr11	vr126
8214f800	0x1947f313	0x9e	vr10	vr126
8214ffec	0x19b70350	0xa0	vr13	vr0
8214fff0	0x181b0250	0x20	vr0	vr0
821501d0	0x19b70350	0xa0	vr13	vr0
821501d4	0x181b0250	0x20	vr0	vr0
82156b3c	0x19af6310	0x8c	vr13	vr12
82156b40	0x198f62d0	0x6c	vr12	vr12
82156c2c	0x19b76350	0xac	vr13	vr12
82156c30	0x199b6250	0x2c	vr12	vr12
82156d2c	0x19a363d0	0xec	vr13	vr12
82156d38	0x199b6390	0xcc	vr12	vr12
82171ad8	0x19631ad0	0x63	vr11	vr3
82171ae0	0x19071b10	0x83	vr8	vr3
82171b0c	0x19876b10	0x8d	vr12	vr13
82171b10	0x19236ad0	0x6d	vr9	vr13
82171b3c	0x19870310	0x80	vr12	vr0
82171b40	0x196302d0	0x60	vr11	vr0
82171b58	0x190b4350	0xa8	vr8	vr8
821725e4	0x194b5350	0xaa	vr10	vr10
821fb94c	0x18c36ad0	0x6d	vr6	vr13
821fb954	0x18a76b10	0x8d	vr5	vr13
821fb988	0x19076b10	0x8d	vr8	vr13
821fb98c	0x18e36ad0	0x6d	vr7	vr13
821fb9b8	0x190b4350	0xa8	vr8	vr8
821fb9cc	0x19270310	0x80	vr9	vr0
821fb9d4	0x18c302d0	0x60	vr6	vr0
82211454	0x19670210	0x00	vr11	vr0
82211470	0x18e36ad0	0x6d	vr7	vr13
82211480	0x199b6b10	0x8d	vr12	vr13
8221148c	0x19200290	0x40	vr9	vr0
82211490	0x18040350	0xa0	vr0	vr0
822114a4	0x19825a90	0x4b	vr12	vr11
822114b0	0x19a85b10	0x8b	vr13	vr11
822114b8	0x19470210	0x00	vr10	vr0
822115f8	0x1bc303dc	0xe0	vr126	vr0
822115fc	0x1bbb039c	0xc0	vr125	vr0
82211658	0x1b77035c	0xa0	vr123	vr0
8221165c	0x1b5b025c	0x20	vr122	vr0
822116e8	0x198f5b10	0x8b	vr12	vr11
822116f0	0x196f5ad0	0x6b	vr11	vr11
822118e0	0x19af6310	0x8c	vr13	vr12
822118e4	0x198f62d0	0x6c	vr12	vr12
8222dba0	0x1947f313	0x9e	vr10	vr126
8222dba8	0x1963fad3	0x7f	vr11	vr127
8222dbb0	0x1927fb13	0x9f	vr9	vr127
8222dbb4	0x1903f2d3	0x7e	vr8	vr126
8222dd00	0x1963f2d3	0x7e	vr11	vr126
8222dd08	0x1947f313	0x9e	vr10	vr126
8222e374	0x1947f313	0x9e	vr10	vr126
8222e37c	0x1963fad3	0x7f	vr11	vr127
8222e384	0x1927fb13	0x9f	vr9	vr127
8222e388	0x1903f2d3	0x7e	vr8	vr126
8222e4d4	0x1963f2d3	0x7e	vr11	vr126
8222e4dc	0x1947f313	0x9e	vr10	vr126
8222f77c	0x19a7f313	0x9e	vr13	vr126
8222f784	0x1803e2d3	0x7c	vr0	vr124
8222f78c	0x1987e313	0x9c	vr12	vr124
8222f794	0x1963f2d3	0x7e	vr11	vr126
8222f910	0x1963fad3	0x7f	vr11	vr127
8222f918	0x1947fb13	0x9f	vr10	vr127
82232180	0x19a363d0	0xec	vr13	vr12
8223218c	0x199b6390	0xcc	vr12	vr12
8225dcc4	0x18e302d0	0x60	vr7	vr0
8225dcc8	0x19070310	0x80	vr8	vr0
8225dcd0	0x18036ad0	0x6d	vr0	vr13
8225dcd4	0x19a76b10	0x8d	vr13	vr13
8225dd9c	0x18076b10	0x8d	vr0	vr13
8225dda4	0x19a36ad0	0x6d	vr13	vr13
8225e410	0x19a302d0	0x60	vr13	vr0
8225e414	0x19870310	0x80	vr12	vr0
8225e420	0x19670310	0x80	vr11	vr0
8225e424	0x180302d0	0x60	vr0	vr0
8225ea9c	0x19b73350	0xa6	vr13	vr6
8225eaa4	0x199b3250	0x26	vr12	vr6
8225eb98	0x19a363d0	0xec	vr13	vr12
8225eba0	0x199b6390	0xcc	vr12	vr12
8225ed1c	0x19b73350	0xa6	vr13	vr6
8225ed24	0x199b3250	0x26	vr12	vr6
8225edf0	0x19a363d0	0xec	vr13	vr12
8225edf4	0x199b6390	0xcc	vr12	vr12
8225fb8c	0x1987a313	0x94	vr12	vr116
8225fb94	0x19a3aad3	0x75	vr13	vr117
8225fb98	0x1927ab13	0x95	vr9	vr117
8225fb9c	0x1903a2d3	0x74	vr8	vr116
8225fccc	0x1983ead3	0x7d	vr12	vr125
8225fcd4	0x1967eb13	0x9d	vr11	vr125
8225fdcc	0x1983f2d3	0x7e	vr12	vr126
8225fdd4	0x1967f313	0x9e	vr11	vr126
82260150	0x1bcf031c	0x80	vr126	vr0
82260154	0x1baf02dc	0x60	vr125	vr0
82260728	0x19b73350	0xa6	vr13	vr6
8226072c	0x199b3250	0x26	vr12	vr6
822607ec	0x19a363d0	0xec	vr13	vr12
822607fc	0x199b6390	0xcc	vr12	vr12
82261020	0x18e302d0	0x60	vr7	vr0
82261024	0x19070310	0x80	vr8	vr0
82261030	0x18036ad0	0x6d	vr0	vr13
82261034	0x19a76b10	0x8d	vr13	vr13
822610f4	0x18076b10	0x8d	vr0	vr13
822610fc	0x19a36ad0	0x6d	vr13	vr13
82261a04	0x18e302d0	0x60	vr7	vr0
82261a08	0x19070310	0x80	vr8	vr0
82261a14	0x18036ad0	0x6d	vr0	vr13
82261a18	0x19a76b10	0x8d	vr13	vr13
82261ad8	0x18076b10	0x8d	vr0	vr13
82261ae0	0x19a36ad0	0x6d	vr13	vr13
82261c84	0x19af3310	0x86	vr13	vr6
82261c88	0x198f32d0	0x66	vr12	vr6
82262170	0x18e302d0	0x60	vr7	vr0
82262174	0x19070310	0x80	vr8	vr0
82262180	0x18036ad0	0x6d	vr0	vr13
82262184	0x19a76b10	0x8d	vr13	vr13
82262244	0x18076b10	0x8d	vr0	vr13
8226224c	0x19a36ad0	0x6d	vr13	vr13
822623f0	0x19af3310	0x86	vr13	vr6
822623f4	0x198f32d0	0x66	vr12	vr6
822636ec	0x18e302d0	0x60	vr7	vr0
822636f0	0x19070310	0x80	vr8	vr0
82263700	0x18036ad0	0x6d	vr0	vr13
82263704	0x19a76b10	0x8d	vr13	vr13
822637c4	0x18076b10	0x8d	vr0	vr13
822637cc	0x19a36ad0	0x6d	vr13	vr13
8226aa78	0x199b5a50	0x2b	vr12	vr11
8226aa7c	0x19b75b50	0xab	vr13	vr11
822770b4	0x19a70310	0x80	vr13	vr0
822770bc	0x180302d0	0x60	vr0	vr0
822770c0	0x19835ad0	0x6b	vr12	vr11
822770c4	0x19475b10	0x8b	vr10	vr11
822770d4	0x194362d0	0x6c	vr10	vr12
822770d8	0x19876310	0x8c	vr12	vr12
8227a610	0x1943e2d3	0x7c	vr10	vr124
8227a618	0x1927e313	0x9c	vr9	vr124
8227d420	0x198302d0	0x60	vr12	vr0
8227d428	0x19676b10	0x8d	vr11	vr13
8227d42c	0x18070310	0x80	vr0	vr0
8227d430	0x19a36ad0	0x6d	vr13	vr13
8227d4bc	0x1963fad3	0x7f	vr11	vr127
8227d4c4	0x1947fb13	0x9f	vr10	vr127
822954f4	0x19bb5a50	0x2b	vr13	vr11
822954f8	0x18175b50	0xab	vr0	vr11
822a08a8	0x19af3310	0x86	vr13	vr6
822a08ac	0x198f32d0	0x66	vr12	vr6
822a0968	0x19a363d0	0xec	vr13	vr12
822a097c	0x199b6390	0xcc	vr12	vr12
822a0b1c	0x199b3390	0xc6	vr12	vr6
822a0b24	0x19a333d0	0xe6	vr13	vr6
822a0cb8	0x19af3b10	0x87	vr13	vr7
822a0cbc	0x198f3ad0	0x67	vr12	vr7
822a2620	0x19bb6250	0x2c	vr13	vr12
822a2628	0x18176350	0xac	vr0	vr12
822a8378	0x19b70350	0xa0	vr13	vr0
822a837c	0x181b0250	0x20	vr0	vr0
822a8524	0x19b70350	0xa0	vr13	vr0
822a8528	0x181b0250	0x20	vr0	vr0
822c1e00	0x19670310	0x80	vr11	vr0
822c1e04	0x180302d0	0x60	vr0	vr0
822c1e08	0x19836ad0	0x6d	vr12	vr13
822c1e0c	0x19a76b10	0x8d	vr13	vr13
822c201c	0x19476b10	0x8d	vr10	vr13
822c2020	0x192362d0	0x6c	vr9	vr12
822c2024	0x19876310	0x8c	vr12	vr12
822c2028	0x19a36ad0	0x6d	vr13	vr13
822c202c	0x19035ad0	0x6b	vr8	vr11
822c2034	0x19675b10	0x8b	vr11	vr11
822c3ab0	0x191e6bd0	0xed	vr8	vr13
822c3abc	0x192b6b50	0xad	vr9	vr13
822c3acc	0x19670210	0x00	vr11	vr0
822c3ad8	0x18fb6310	0x8c	vr7	vr12
822c3adc	0x18c362d0	0x6c	vr6	vr12
822c3ae8	0x18e00290	0x40	vr7	vr0
822c3aec	0x18040350	0xa0	vr0	vr0
822c3b00	0x18e25290	0x4a	vr7	vr10
822c3b14	0x19a86b10	0x8d	vr13	vr13
822c3b1c	0x19670210	0x00	vr11	vr0
822c44ac	0x180f3b10	0x87	vr0	vr7
822c44b0	0x19af3ad0	0x67	vr13	vr7
822c457c	0x18176b50	0xad	vr0	vr13
822c4580	0x19bb6a50	0x2d	vr13	vr13
822c4640	0x18036bd0	0xed	vr0	vr13
822c4644	0x19bb6b90	0xcd	vr13	vr13
822c74a0	0x19a303d0	0xe0	vr13	vr0
822c74a4	0x181b0390	0xc0	vr0	vr0
822c7548	0x19b70350	0xa0	vr13	vr0
822c754c	0x181b0250	0x20	vr0	vr0
822c7bb8	0x198f32d0	0x66	vr12	vr6
822c7bbc	0x19af3310	0x86	vr13	vr6
822c7cb0	0x19a363d0	0xec	vr13	vr12
822c7cc8	0x199b6390	0xcc	vr12	vr12
822c83c0	0x180f3b10	0x87	vr0	vr7
822c83c4	0x19af3ad0	0x67	vr13	vr7
822c849c	0x18176b50	0xad	vr0	vr13
822c84a0	0x19bb6a50	0x2d	vr13	vr13
822c854c	0x18033bd0	0xe7	vr0	vr7
822c8550	0x19bb3b90	0xc7	vr13	vr7
822d204c	0x1963f2d3	0x7e	vr11	vr126
822d2054	0x1927f313	0x9e	vr9	vr126
822d50c4	0x19836ad0	0x6d	vr12	vr13
822d50cc	0x19a76b10	0x8d	vr13	vr13
822d50d0	0x19270310	0x80	vr9	vr0
822d50d8	0x190302d0	0x60	vr8	vr0
822d6a30	0x18c76b10	0x8d	vr6	vr13
822d6a34	0x18a36ad0	0x6d	vr5	vr13
822d6aa0	0x18e70310	0x80	vr7	vr0
822d6aa8	0x192302d0	0x60	vr9	vr0
822d6b64	0x19a302d0	0x60	vr13	vr0
822d6b68	0x18070310	0x80	vr0	vr0
822d84b8	0x19a303d0	0xe0	vr13	vr0
822d84bc	0x181b0390	0xc0	vr0	vr0
822d8530	0x19b70350	0xa0	vr13	vr0
822d8534	0x181b0250	0x20	vr0	vr0
822d8af8	0x19a303d0	0xe0	vr13	vr0
822d8afc	0x181b0390	0xc0	vr0	vr0
822d927c	0x19a303d0	0xe0	vr13	vr0
822d9280	0x181b0390	0xc0	vr0	vr0
822d92f0	0x19b70350	0xa0	vr13	vr0
822d92f4	0x181b0250	0x20	vr0	vr0
822d98d0	0x19a303d0	0xe0	vr13	vr0
822d98d4	0x181b0390	0xc0	vr0	vr0
822d9950	0x19b70350	0xa0	vr13	vr0
822d9954	0x181b0250	0x20	vr0	vr0
822da824	0x19a303d0	0xe0	vr13	vr0
822da828	0x181b0390	0xc0	vr0	vr0
822da8a0	0x19b70350	0xa0	vr13	vr0
822da8a4	0x181b0250	0x20	vr0	vr0
822dd234	0x19076b10	0x8d	vr8	vr13
822dd240	0x18e36ad0	0x6d	vr7	vr13
822dd2a0	0x19a302d0	0x60	vr13	vr0
822dd2a4	0x18070310	0x80	vr0	vr0
822de3f0	0x19a303d0	0xe0	vr13	vr0
822de3f4	0x181b0390	0xc0	vr0	vr0
822de49c	0x19b70350	0xa0	vr13	vr0
822de4a0	0x181b0250	0x20	vr0	vr0
822debbc	0x1963fad3	0x7f	vr11	vr127
822debc4	0x1927fb13	0x9f	vr9	vr127
822f2240	0x1b6302dc	0x60	vr123	vr0
822f2244	0x1b47031c	0x80	vr122	vr0
822f2250	0x19a70310	0x80	vr13	vr0
822f2254	0x180302d0	0x60	vr0	vr0
822f22ec	0x19a70310	0x80	vr13	vr0
822f22f0	0x180302d0	0x60	vr0	vr0
822f4344	0x1963fad3	0x7f	vr11	vr127
822f434c	0x1927fb13	0x9f	vr9	vr127
822f6c28	0x19b70350	0xa0	vr13	vr0
822f6c2c	0x181b0250	0x20	vr0	vr0
822f6cdc	0x19a303d0	0xe0	vr13	vr0
822f6ce0	0x181b0390	0xc0	vr0	vr0
822f8048	0x19b70350	0xa0	vr13	vr0
822f804c	0x181b0250	0x20	vr0	vr0
822f80d8	0x19a303d0	0xe0	vr13	vr0
822f80dc	0x181b0390	0xc0	vr0	vr0
8230206c	0x198302d0	0x60	vr12	vr0
82302070	0x18070310	0x80	vr0	vr0
82302078	0x1967f313	0x9e	vr11	vr126
8230207c	0x1943f2d3	0x7e	vr10	vr126
82302178	0x1943fad3	0x7f	vr10	vr127
82302180	0x1927fb13	0x9f	vr9	vr127
82302764	0x198302d0	0x60	vr12	vr0
82302768	0x18070310	0x80	vr0	vr0
82302770	0x1967f313	0x9e	vr11	vr126
82302774	0x1943f2d3	0x7e	vr10	vr126
82302870	0x1943fad3	0x7f	vr10	vr127
82302878	0x1927fb13	0x9f	vr9	vr127
823044f8	0x1807fb13	0x9f	vr0	vr127
82304500	0x19a3fad3	0x7f	vr13	vr127
82304504	0x198342d0	0x68	vr12	vr8
82304508	0x19674310	0x88	vr11	vr8
82304518	0x19676310	0x8c	vr11	vr12
8230451c	0x198362d0	0x6c	vr12	vr12
82306440	0x1947fb13	0x9f	vr10	vr127
82306444	0x19035ad0	0x6b	vr8	vr11
8230644c	0x19675b10	0x8b	vr11	vr11
82306454	0x1923fad3	0x7f	vr9	vr127
823065b0	0x1963f2d3	0x7e	vr11	vr126
823065b8	0x1947f313	0x9e	vr10	vr126
82306820	0x1963f2d3	0x7e	vr11	vr126
82306828	0x1947f313	0x9e	vr10	vr126
8230a484	0x1987e313	0x9c	vr12	vr124
8230a488	0x1963e2d3	0x7c	vr11	vr124
8230a498	0x19a302d0	0x60	vr13	vr0
8230a49c	0x18070310	0x80	vr0	vr0
8230a584	0x1943fad3	0x7f	vr10	vr127
8230a58c	0x1927fb13	0x9f	vr9	vr127
823110dc	0x198302d0	0x60	vr12	vr0
823110e4	0x19676b10	0x8d	vr11	vr13
823110e8	0x18070310	0x80	vr0	vr0
823110ec	0x19a36ad0	0x6d	vr13	vr13
82311178	0x1963fad3	0x7f	vr11	vr127
82311180	0x1947fb13	0x9f	vr10	vr127
82328ea4	0x19375b50	0xab	vr9	vr11
82328eac	0x197b5a50	0x2b	vr11	vr11
82329ebc	0x19a363d0	0xec	vr13	vr12
82329ec4	0x199b6390	0xcc	vr12	vr12
8232ce60	0x19a7fb13	0x9f	vr13	vr127
8232ce64	0x1803f2d3	0x7e	vr0	vr126
8232ce6c	0x1987f313	0x9e	vr12	vr126
8232ce74	0x1963fad3	0x7f	vr11	vr127
8232d100	0x1943fad3	0x7f	vr10	vr127
8232d108	0x1927fb13	0x9f	vr9	vr127
82336180	0x19336b10	0x8d	vr9	vr13
82336184	0x190b6290	0x4c	vr8	vr12
82336188	0x18a75a50	0x2b	vr5	vr11
82336190	0x18e362d0	0x6c	vr7	vr12
82336194	0x18c75b10	0x8b	vr6	vr11
823361e8	0x19235ad0	0x6b	vr9	vr11
823361f0	0x18836ad0	0x6d	vr4	vr13
823361f8	0x19076b10	0x8d	vr8	vr13
82336200	0x18a76310	0x8c	vr5	vr12
823d1a24	0x19aa03d0	0xe0	vr13	vr0
823d1a28	0x199a0350	0xa0	vr12	vr0
823d1a2c	0x196e0350	0xa0	vr11	vr0
823d1a30	0x194b0350	0xa0	vr10	vr0
823d1a34	0x192a03d0	0xe0	vr9	vr0
823d1a38	0x191a0350	0xa0	vr8	vr0
823d1a3c	0x18ee0350	0xa0	vr7	vr0
823d1a48	0x180b0350	0xa0	vr0	vr0
823d1ac4	0x192a03d0	0xe0	vr9	vr0
823d1ac8	0x191a0350	0xa0	vr8	vr0
823d1ad0	0x18ee0350	0xa0	vr7	vr0
823d1ad8	0x18cb0350	0xa0	vr6	vr0
823d1af4	0x19aa03d0	0xe0	vr13	vr0
823d1afc	0x199a0350	0xa0	vr12	vr0
823d1b04	0x196e0350	0xa0	vr11	vr0
823d1b0c	0x194b0350	0xa0	vr10	vr0
823d1cfc	0x192a03d0	0xe0	vr9	vr0
823d1d00	0x191a0350	0xa0	vr8	vr0
823d1d08	0x18ee0350	0xa0	vr7	vr0
823d1d10	0x18cb0350	0xa0	vr6	vr0
823d1d2c	0x19aa03d0	0xe0	vr13	vr0
823d1d34	0x199a0350	0xa0	vr12	vr0
823d1d3c	0x196e0350	0xa0	vr11	vr0
823d1d44	0x194b0350	0xa0	vr10	vr0
