index	group	archive	codec	source_offset	stored_size	expanded_size	source_end
0	0x00010000	DATA00.PAC	mode1-xor-deflate	0	3389860	9120864	3389860
1	0x00010000	DATA00.PAC	mode1-xor-deflate	3407872	10615729	22421504	14023601
2	0x00010000	DATA00.PAC	mode1-xor-deflate	14024704	797281	3509319	14821985
3	0x00010000	DATA00.PAC	mode1-xor-deflate	14843904	317780	1936455	15161684
4	0x00010000	DATA00.PAC	mode1-xor-deflate	15171584	326241	2002010	15497825
5	0x00010000	DATA00.PAC	mode1-xor-deflate	15499264	337598	2067546	15836862
6	0x00010000	DATA00.PAC	mode1-xor-deflate	15859712	328739	2002010	16188451
7	0x00010000	DATA00.PAC	mode1-xor-deflate	16220160	336919	2133082	16557079
8	0x00010000	DATA00.PAC	mode1-xor-deflate	16580608	335336	2067546	16915944
9	0x00010000	DATA00.PAC	mode1-xor-deflate	16941056	13234234	42446032	30175290
10	0x00010000	DATA00.PAC	mode1-xor-deflate	30179328	2860059	10232304	33039387
11	0x00010000	DATA00.PAC	mode1-xor-deflate	33062912	5320525	18162160	38383437
12	0x00010000	DATA00.PAC	mode1-xor-deflate	38404096	6353381	21238256	44757477
13	0x00010000	DATA00.PAC	mode1-xor-deflate	44761088	12239540	37163504	57000628
14	0x00010000	DATA00.PAC	mode1-xor-deflate	57016320	7918063	27320816	64934383
15	0x00010000	DATA00.PAC	mode1-xor-deflate	64946176	8783785	30120272	73729961
16	0x00010000	DATA00.PAC	mode1-xor-deflate	73760768	9510233	32293360	83271001
17	0x00010000	DATA00.PAC	mode1-xor-deflate	83296256	12644179	36000976	95940435
18	0x00010000	DATA00.PAC	mode1-xor-deflate	95944704	8735481	28144112	104680185
19	0x00010000	DATA00.PAC	mode1-xor-deflate	104693760	8228662	29290992	112922422
20	0x00010000	DATA00.PAC	mode1-xor-deflate	112951296	3479562	12653040	116430858
21	0x00010000	DATA00.PAC	mode1-xor-deflate	116457472	13628378	48476816	130085850
22	0x00010000	DATA00.PAC	mode1-xor-deflate	130088960	3508627	13681136	133597587
23	0x00010000	DATA00.PAC	mode1-xor-deflate	133627904	17669780	55944256	151297684
24	0x00010000	DATA00.PAC	mode1-xor-deflate	151322624	427306	3650016	151749930
25	0x00010000	DATA00.PAC	mode1-xor-deflate	151781376	1025512	4534752	152806888
26	0x00010000	DATA00.PAC	mode1-xor-deflate	152829952	689559	3482080	153519511
27	0x00010000	DATA00.PAC	mode1-xor-deflate	153550848	972203	3920352	154523051
28	0x00010000	DATA00.PAC	mode1-xor-deflate	154533888	718119	3404256	155252007
29	0x00010000	DATA00.PAC	mode1-xor-deflate	155254784	2031898	8274400	157286682
30	0x00010000	DATA00.PAC	mode1-xor-deflate	157319168	661661	3199456	157980829
31	0x00010000	DATA00.PAC	mode1-xor-deflate	158007296	4883225	18217584	162890521
32	0x00010000	DATA00.PAC	mode1-xor-deflate	162922496	1114491	4070304	164036987
33	0x00010000	DATA00.PAC	mode1-xor-deflate	164069376	287516	1354128	164356892
34	0x00010000	DATA00.PAC	mode1-xor-deflate	164364288	531403	2640416	164895691
35	0x00010000	DATA00.PAC	mode1-xor-deflate	164921344	682698	4263648	165604042
36	0x00010000	DATA00.PAC	mode1-xor-deflate	165609472	2906647	11845296	168516119
37	0x00010000	DATA00.PAC	mode1-xor-deflate	168525824	3975934	13665072	172501758
38	0x00010000	DATA00.PAC	mode1-xor-deflate	172523520	3006738	10357856	175530258
39	0x00020000	DATA00.PAC	mode1-xor-raw	175538176	928	928	175539104
40	0x00020000	DATA00.PAC	mode1-xor-raw	175570944	928	928	175571872
41	0x00010000	DATA00.PAC	mode1-xor-deflate	175603712	320362	2458928	175924074
42	0x00010000	DATA00.PAC	mode1-xor-deflate	175931392	1012006	5753424	176943398
43	0x00010000	DATA00.PAC	mode1-xor-deflate	176947200	2479084	18878736	179426284
44	0x00010000	DATA00.PAC	mode1-xor-deflate	179437568	2609382	8409104	182046950
45	0x00010000	DATA00.PAC	mode1-xor-deflate	182059008	927436	4517424	182986444
46	0x00020000	DATA00.PAC	mode1-xor-raw	183009280	928	928	183010208
47	0x00020000	DATA00.PAC	mode1-xor-raw	183042048	928	928	183042976
48	0x00010000	DATA00.PAC	mode1-xor-deflate	183074816	6572314	22698896	189647130
49	0x00010000	DATA00.PAC	mode1-xor-deflate	189661184	7845751	21409840	197506935
50	0x00010000	DATA00.PAC	mode1-xor-deflate	197525504	287518	1354128	197813022
51	0x00020000	DATA00.PAC	mode1-xor-raw	197820416	4592	4592	197825008
52	0x00020000	DATA00.PAC	mode1-xor-raw	197853184	4592	4592	197857776
53	0x00020000	DATA00.PAC	mode1-xor-raw	197885952	4592	4592	197890544
54	0x00020000	DATA00.PAC	mode1-xor-raw	197918720	4592	4592	197923312
55	0x00020000	DATA00.PAC	mode1-xor-raw	197951488	4592	4592	197956080
56	0x00020000	DATA00.PAC	mode1-xor-raw	197984256	4592	4592	197988848
57	0x00020000	DATA00.PAC	mode1-xor-raw	198017024	4592	4592	198021616
58	0x00020000	DATA00.PAC	mode1-xor-raw	198049792	4592	4592	198054384
59	0x00020000	DATA00.PAC	mode1-xor-raw	198082560	4592	4592	198087152
60	0x00020000	DATA00.PAC	mode1-xor-raw	198115328	4592	4592	198119920
61	0x00020000	DATA00.PAC	mode1-xor-raw	198148096	4592	4592	198152688
62	0x00020000	DATA00.PAC	mode1-xor-raw	198180864	4592	4592	198185456
63	0x00020000	DATA00.PAC	mode1-xor-raw	198213632	4592	4592	198218224
64	0x00020000	DATA00.PAC	mode1-xor-raw	198246400	4592	4592	198250992
65	0x00020000	DATA00.PAC	mode1-xor-raw	198279168	4592	4592	198283760
66	0x00020000	DATA00.PAC	mode1-xor-raw	198311936	4592	4592	198316528
67	0x00020000	DATA00.PAC	mode1-xor-raw	198344704	4592	4592	198349296
68	0x00020000	DATA00.PAC	mode1-xor-raw	198377472	4592	4592	198382064
69	0x00020000	DATA00.PAC	mode1-xor-raw	198410240	4592	4592	198414832
70	0x00020000	DATA00.PAC	mode1-xor-raw	198443008	4592	4592	198447600
71	0x00020000	DATA00.PAC	mode1-xor-raw	198475776	4592	4592	198480368
72	0x00020000	DATA00.PAC	mode1-xor-raw	198508544	4592	4592	198513136
73	0x00020000	DATA00.PAC	mode1-xor-raw	198541312	4592	4592	198545904
74	0x00020000	DATA00.PAC	mode1-xor-raw	198574080	4592	4592	198578672
75	0x00020000	DATA00.PAC	mode1-xor-raw	198606848	4592	4592	198611440
76	0x00020000	DATA00.PAC	mode1-xor-raw	198639616	4592	4592	198644208
77	0x00020000	DATA00.PAC	mode1-xor-raw	198672384	4592	4592	198676976
78	0x00020000	DATA00.PAC	mode1-xor-raw	198705152	4592	4592	198709744
79	0x00020000	DATA00.PAC	mode1-xor-raw	198737920	4592	4592	198742512
80	0x00020000	DATA00.PAC	mode1-xor-raw	198770688	4592	4592	198775280
81	0x00020000	DATA00.PAC	mode1-xor-raw	198803456	4592	4592	198808048
82	0x00020000	DATA00.PAC	mode1-xor-raw	198836224	4592	4592	198840816
83	0x00020000	DATA00.PAC	mode1-xor-raw	198868992	4592	4592	198873584
84	0x00020000	DATA00.PAC	mode1-xor-raw	198901760	4592	4592	198906352
85	0x00020000	DATA00.PAC	mode1-xor-raw	198934528	4592	4592	198939120
86	0x00020000	DATA00.PAC	mode1-xor-raw	198967296	4592	4592	198971888
87	0x00020000	DATA00.PAC	mode1-xor-raw	199000064	4592	4592	199004656
88	0x00020000	DATA00.PAC	mode1-xor-raw	199032832	4592	4592	199037424
89	0x00020000	DATA00.PAC	mode1-xor-raw	199065600	4592	4592	199070192
90	0x00020000	DATA00.PAC	mode1-xor-raw	199098368	4592	4592	199102960
91	0x00020000	DATA00.PAC	mode1-xor-raw	199131136	4592	4592	199135728
92	0x00020000	DATA00.PAC	mode1-xor-raw	199163904	4592	4592	199168496
93	0x00020000	DATA00.PAC	mode1-xor-raw	199196672	4592	4592	199201264
94	0x00020000	DATA00.PAC	mode1-xor-raw	199229440	4592	4592	199234032
95	0x00020000	DATA00.PAC	mode1-xor-raw	199262208	4592	4592	199266800
96	0x00020000	DATA00.PAC	mode1-xor-raw	199294976	4592	4592	199299568
97	0x00020000	DATA00.PAC	mode1-xor-raw	199327744	4592	4592	199332336
98	0x00020000	DATA00.PAC	mode1-xor-raw	199360512	4592	4592	199365104
99	0x00020000	DATA00.PAC	mode1-xor-raw	199393280	4592	4592	199397872
100	0x00020000	DATA00.PAC	mode1-xor-raw	199426048	4592	4592	199430640
101	0x00020000	DATA00.PAC	mode1-xor-raw	199458816	4592	4592	199463408
102	0x00020000	DATA00.PAC	mode1-xor-raw	199491584	4592	4592	199496176
103	0x00010000	DATA00.PAC	mode1-xor-deflate	199524352	1761231	7802064	201285583
104	0x00020000	DATA00.PAC	mode1-xor-raw	201293824	4592	4592	201298416
105	0x00020000	DATA00.PAC	mode1-xor-raw	201326592	4592	4592	201331184
106	0x00020000	DATA00.PAC	mode1-xor-raw	201359360	4592	4592	201363952
107	0x00020000	DATA00.PAC	mode1-xor-raw	201392128	4592	4592	201396720
108	0x00020000	DATA00.PAC	mode1-xor-raw	201424896	4592	4592	201429488
109	0x00010000	DATA00.PAC	mode1-xor-deflate	201457664	1514067	5769552	202971731
110	0x00020000	DATA00.PAC	mode1-xor-raw	202997760	4592	4592	203002352
111	0x00010000	DATA00.PAC	mode1-xor-deflate	203030528	3057295	11269328	206087823
112	0x00020000	DATA00.PAC	mode1-xor-raw	206110720	4592	4592	206115312
113	0x00020000	DATA00.PAC	mode1-xor-raw	206143488	4592	4592	206148080
114	0x00020000	DATA00.PAC	mode1-xor-raw	206176256	4592	4592	206180848
115	0x00010000	DATA00.PAC	mode1-xor-deflate	206209024	1170383	5554832	207379407
116	0x00020000	DATA00.PAC	mode1-xor-raw	207388672	4592	4592	207393264
117	0x00010000	DATA00.PAC	mode1-xor-deflate	207421440	2903691	13206592	210325131
118	0x00010000	DATA00.PAC	mode1-xor-deflate	210337792	584318	1709528	210922110
119	0x00010000	DATA00.PAC	mode1-xor-deflate	210927616	116266854	165892096	327194470
120	0x00010000	DATA00.PAC	mode1-xor-deflate	327221248	138400944	166891520	465622192
121	0x00010000	DATA00.PAC	mode1-xor-deflate	465633280	122436851	154509312	588070131
122	0x00010000	DATA00.PAC	mode1-xor-deflate	588087296	125047453	148983808	713134749
123	0x00010000	DATA00.PAC	mode1-xor-deflate	713162752	113073439	159506432	826236191
124	0x00010000	DATA00.PAC	mode1-xor-deflate	826245120	109458137	147574784	935703257
125	0x00010000	DATA00.PAC	mode1-xor-deflate	935723008	115598382	142225408	1051321390
126	0x00010000	DATA00.PAC	mode1-xor-deflate	1051328512	111681480	155332608	1163009992
127	0x00010000	DATA00.PAC	mode1-xor-deflate	1163034624	72241243	131502080	1235275867
128	0x00010000	DATA00.PAC	mode1-xor-deflate	1235288064	141784140	168288256	1377072204
129	0x00010000	DATA00.PAC	mode1-xor-deflate	1377075200	130712087	156790784	1507787287
130	0x00010000	DATA00.PAC	mode1-xor-deflate	1507819520	122843018	158105600	1630662538
131	0x00010000	DATA00.PAC	mode1-xor-deflate	1630666752	113979713	163561472	1744646465
132	0x00010000	DATA00.PAC	mode1-xor-deflate	1744666624	95723761	153915392	1840390385
133	0x00010000	DATA00.PAC	mode1-xor-deflate	1840414720	90072357	156815360	1930487077
134	0x00010000	DATA00.PAC	mode1-xor-deflate	1930493952	993066	2805760	1931487018
135	0x00010000	DATA00.PAC	mode1-xor-deflate	1931509760	294317	782336	1931804077
136	0x00010000	DATA00.PAC	mode1-xor-deflate	1931804672	301984	782336	1932106656
137	0x00010000	DATA00.PAC	mode1-xor-deflate	1932132352	294628	733184	1932426980
138	0x00010000	DATA00.PAC	mode1-xor-deflate	1932427264	295344	782336	1932722608
139	0x00010000	DATA00.PAC	mode1-xor-deflate	1932754944	295182	733184	1933050126
140	0x00010000	DATA00.PAC	mode1-xor-deflate	1933082624	292817	782336	1933375441
141	0x00010000	DATA00.PAC	mode1-xor-deflate	1933377536	321264	733184	1933698800
142	0x00010000	DATA00.PAC	mode1-xor-deflate	1933705216	307276	782336	1934012492
143	0x00010000	DATA00.PAC	mode1-xor-deflate	1934032896	294912	733184	1934327808
144	0x00010000	DATA00.PAC	mode1-xor-deflate	1934327808	295072	733184	1934622880
145	0x00010000	DATA00.PAC	mode1-xor-deflate	1934655488	296133	782336	1934951621
146	0x00010000	DATA00.PAC	mode1-xor-deflate	1934983168	29159465	39944192	1964142633
147	0x00010000	DATA00.PAC	mode1-xor-deflate	1964146688	29998367	39907328	1994145055
148	0x00010000	DATA00.PAC	mode1-xor-deflate	1994162176	28296866	39944192	2022459042
149	0x00010000	DATA00.PAC	mode1-xor-deflate	2022473728	29036768	39944192	2051510496
150	0x00010000	DATA00.PAC	mode1-xor-deflate	2051538944	151167	499712	2051690111
151	0x00010000	DATA00.PAC	mode1-xor-deflate	2051702784	149113	499712	2051851897
152	0x00010000	DATA00.PAC	mode1-xor-deflate	2051866624	142263	450560	2052008887
153	0x00010000	DATA00.PAC	mode1-xor-deflate	2052030464	152682	499712	2052183146
154	0x00010000	DATA00.PAC	mode1-xor-deflate	2052194304	142572	450560	2052336876
155	0x00010000	DATA00.PAC	mode1-xor-deflate	2052358144	151445	499712	2052509589
156	0x00010000	DATA00.PAC	mode1-xor-deflate	2052521984	169297	450560	2052691281
157	0x00010000	DATA00.PAC	mode1-xor-deflate	2052718592	154276	499712	2052872868
158	0x00010000	DATA00.PAC	mode1-xor-deflate	2052882432	142455	450560	2053024887
159	0x00010000	DATA00.PAC	mode1-xor-deflate	2053046272	142513	450560	2053188785
160	0x00010000	DATA00.PAC	mode1-xor-deflate	2053210112	152908	499712	2053363020
161	0x00010000	DATA00.PAC	mode1-xor-deflate	2053373952	1307385	8228864	2054681337
162	0x00010000	DATA00.PAC	mode1-xor-deflate	2054684672	67640	93024	2054752312
163	0x00010000	DATA00.PAC	mode1-xor-deflate	2054782976	1000353	7836352	2055783329
164	0x00010000	DATA00.PAC	mode1-xor-deflate	2055798784	9897202	10481664	2065695986
165	0x00010000	DATA00.PAC	mode1-xor-deflate	2065727488	830649	2422384	2066558137
166	0x00010000	DATA00.PAC	mode1-xor-deflate	2066579456	840957	2470232	2067420413
167	0x00020000	DATA00.PAC	mode1-xor-raw	2067431424	2736	2736	2067434160
168	0x00020000	DATA00.PAC	mode1-xor-raw	2067464192	52	52	2067464244
169	0x00010000	DATA00.PAC	mode1-xor-deflate	2067496960	788	131904	2067497748
170	0x00010000	DATA00.PAC	mode1-xor-deflate	2067529728	852245	6410240	2068381973
171	0x00010000	DATA00.PAC	mode1-xor-deflate	2068414464	845604	6410240	2069260068
172	0x00010000	DATA00.PAC	mode1-xor-deflate	2069266432	825081	5357568	2070091513
173	0x00010000	DATA00.PAC	mode1-xor-deflate	2070118400	825081	5357568	2070943481
174	0x00010000	DATA00.PAC	mode1-xor-deflate	2070970368	825081	5357568	2071795449
175	0x00010000	DATA00.PAC	mode1-xor-deflate	2071822336	825081	5357568	2072647417
176	0x00010000	DATA00.PAC	mode1-xor-deflate	2072674304	825081	5357568	2073499385
177	0x00010000	DATA00.PAC	mode1-xor-deflate	2073526272	1587921	6897664	2075114193
178	0x00010000	DATA00.PAC	mode1-xor-deflate	2075131904	1503334	6627328	2076635238
179	0x00010000	DATA00.PAC	mode1-xor-deflate	2076639232	1577612	6897664	2078216844
180	0x00010000	DATA00.PAC	mode1-xor-deflate	2078244864	1577612	6897664	2079822476
181	0x00010000	DATA00.PAC	mode1-xor-deflate	2079850496	1577612	6897664	2081428108
182	0x00010000	DATA00.PAC	mode1-xor-deflate	2081456128	1577612	6897664	2083033740
183	0x00010000	DATA00.PAC	mode1-xor-deflate	2083061760	1577612	6897664	2084639372
184	0x00010000	DATA00.PAC	mode1-xor-deflate	2084667392	42206	679936	2084709598
185	0x00010000	DATA00.PAC	mode1-xor-deflate	2084732928	161118	5705728	2084894046
186	0x00010000	DATA00.PAC	mode1-xor-deflate	2084896768	124363	4526080	2085021131
187	0x00010000	DATA00.PAC	mode1-xor-deflate	2085027840	553854	4005888	2085581694
188	0x00010000	DATA00.PAC	mode1-xor-deflate	2085584896	36703	1126400	2085621599
189	0x00010000	DATA00.PAC	mode1-xor-deflate	2085650432	35463	1146880	2085685895
190	0x00010000	DATA00.PAC	mode1-xor-deflate	2085715968	28364	929792	2085744332
191	0x00010000	DATA00.PAC	mode1-xor-deflate	2085748736	177344	2641920	2085926080
192	0x00010000	DATA00.PAC	mode1-xor-deflate	2085945344	493644	4288512	2086438988
193	0x00010000	DATA00.PAC	mode1-xor-deflate	2086469632	2492539	12935168	2088962171
194	0x00010000	DATA00.PAC	mode1-xor-deflate	2088992768	1077020	5238784	2090069788
195	0x00010000	DATA00.PAC	mode1-xor-deflate	2090074112	34939	1118208	2090109051
196	0x00010000	DATA00.PAC	mode1-xor-deflate	2090139648	34348	851968	2090173996
197	0x00010000	DATA00.PAC	mode1-xor-deflate	2090205184	935216	4075520	2091140400
198	0x00010000	DATA00.PAC	mode1-xor-deflate	2091155456	935196	4075520	2092090652
199	0x00010000	DATA00.PAC	mode1-xor-deflate	2092105728	935216	4075520	2093040944
200	0x00010000	DATA00.PAC	mode1-xor-deflate	2093056000	935216	4075520	2093991216
201	0x00010000	DATA00.PAC	mode1-xor-deflate	2094006272	935216	4075520	2094941488
202	0x00010000	DATA00.PAC	mode1-xor-deflate	2094956544	935216	4075520	2095891760
203	0x00010000	DATA00.PAC	mode1-xor-deflate	2095906816	935216	4075520	2096842032
204	0x00010000	DATA00.PAC	mode1-xor-deflate	2096857088	60284	2035712	2096917372
205	0x00010000	DATA00.PAC	mode1-xor-deflate	2096922624	89587	3657728	2097012211
206	0x00010000	DATA00.PAC	mode1-xor-deflate	2097020928	104259	4317184	2097125187
207	0x00010000	DATA00.PAC	mode1-xor-deflate	2097152000	113067	4620288	2097265067
208	0x00010000	DATA00.PAC	mode1-xor-deflate	2097283072	87261	4190208	2097370333
209	0x00010000	DATA00.PAC	mode1-xor-deflate	2097381376	28364	929792	2097409740
210	0x00010000	DATA00.PAC	mode1-xor-deflate	2097414144	943180	7471288	2098357324
211	0x00010000	DATA00.PAC	mode1-xor-deflate	2098364416	1567233	8204632	2099931649
212	0x00010000	DATA00.PAC	mode1-xor-deflate	2099937280	1979234	8829020	2101916514
213	0x00010000	DATA00.PAC	mode1-xor-deflate	2101936128	2075386	8937672	2104011514
214	0x00010000	DATA00.PAC	mode1-xor-deflate	2104033280	2211881	9406608	2106245161
215	0x00010000	DATA00.PAC	mode1-xor-deflate	2106261504	1720370	8556676	2107981874
216	0x00010000	DATA00.PAC	mode1-xor-deflate	2107998208	1928665	9017540	2109926873
217	0x00010000	DATA00.PAC	mode1-xor-deflate	2109931520	3165891	10700932	2113097411
218	0x00010000	DATA00.PAC	mode1-xor-deflate	2113110016	2428040	9474188	2115538056
219	0x00010000	DATA00.PAC	mode1-xor-deflate	2115567616	1933482	9060508	2117501098
220	0x00010000	DATA00.PAC	mode1-xor-deflate	2117533696	1543391	8906848	2119077087
221	0x00010000	DATA00.PAC	mode1-xor-deflate	2119106560	2868333	9869488	2121974893
222	0x00010000	DATA00.PAC	mode1-xor-deflate	2121990144	1059360	8284304	2123049504
223	0x00010000	DATA00.PAC	mode1-xor-deflate	2123071488	1327344	7678264	2124398832
224	0x00010000	DATA00.PAC	mode1-xor-deflate	2124414976	2918847	10148128	2127333823
225	0x00010000	DATA00.PAC	mode1-xor-deflate	2127364096	635275	856188	2127999371
226	0x00010000	DATA00.PAC	mode1-xor-deflate	2128019456	59224	1957888	2128078680
227	0x00010000	DATA00.PAC	mode1-xor-deflate	2128084992	628710	3793012	2128713702
228	0x00010000	DATA00.PAC	mode1-xor-deflate	2128740352	474875	4050944	2129215227
229	0x00010000	DATA00.PAC	mode1-xor-deflate	2129231872	3686035	12677120	2132917907
230	0x00010000	DATA00.PAC	mode1-xor-deflate	2132934656	158325	2482176	2133092981
231	0x00010000	DATA00.PAC	mode1-xor-deflate	2133098496	49881	1777664	2133148377
232	0x00010000	DATA00.PAC	mode1-xor-deflate	2133164032	493572	542876	2133657604
233	0x00010000	DATA00.PAC	mode1-xor-deflate	2133688320	147372	163956	2133835692
234	0x00010000	DATA00.PAC	mode1-xor-deflate	2133852160	224097	254096	2134076257
235	0x00010000	DATA00.PAC	mode1-xor-deflate	2134081536	243116	276600	2134324652
236	0x00010000	DATA00.PAC	mode1-xor-deflate	2134343680	296523	323752	2134640203
237	0x00010000	DATA00.PAC	mode1-xor-deflate	2134671360	293317	323704	2134964677
238	0x00010000	DATA00.PAC	mode1-xor-deflate	2134966272	239116	262248	2135205388
239	0x00010000	DATA00.PAC	mode1-xor-deflate	2135228416	237717	272496	2135466133
240	0x00010000	DATA00.PAC	mode1-xor-deflate	2135490560	226895	260212	2135717455
241	0x00010000	DATA00.PAC	mode1-xor-deflate	2135719936	126258	149624	2135846194
242	0x00010000	DATA00.PAC	mode1-xor-deflate	2135851008	719525	796760	2136570533
243	0x00010000	DATA00.PAC	mode1-xor-deflate	2136571904	249077	278688	2136820981
244	0x00010000	DATA00.PAC	mode1-xor-deflate	2136834048	307091	342172	2137141139
245	0x00010000	DATA00.PAC	mode1-xor-deflate	2137161728	343163	385140	2137504891
246	0x00020000	DATA00.PAC	mode1-xor-raw	2137522176	100	100	2137522276
247	0x00020000	DATA00.PAC	mode1-xor-raw	2137554944	100	100	2137555044
248	0x00010000	DATA00.PAC	mode1-xor-deflate	2137587712	553888	608436	2138141600
249	0x00010000	DATA00.PAC	mode1-xor-deflate	2138144768	145641	161900	2138290409
250	0x00010000	DATA00.PAC	mode1-xor-deflate	2138308608	274991	303260	2138583599
251	0x00010000	DATA00.PAC	mode1-xor-deflate	2138603520	313402	344188	2138916922
252	0x00010000	DATA00.PAC	mode1-xor-deflate	2138931200	330097	358580	2139261297
253	0x00010000	DATA00.PAC	mode1-xor-deflate	2139291648	291448	323704	2139583096
254	0x00010000	DATA00.PAC	mode1-xor-deflate	2139586560	189048	211048	2139775608
255	0x00010000	DATA00.PAC	mode1-xor-deflate	2139783168	264701	299140	2140047869
256	0x00010000	DATA00.PAC	mode1-xor-deflate	2140078080	260961	292984	2140339041
257	0x00010000	DATA00.PAC	mode1-xor-deflate	2140340224	145537	168064	2140485761
258	0x00010000	DATA00.PAC	mode1-xor-deflate	2140504064	713938	788568	2141218002
259	0x00010000	DATA00.PAC	mode1-xor-deflate	2141224960	243189	270508	2141468149
260	0x00010000	DATA00.PAC	mode1-xor-deflate	2141487104	357245	391360	2141844349
261	0x00010000	DATA00.PAC	mode1-xor-deflate	2141847552	299780	338048	2142147332
262	0x00020000	DATA00.PAC	mode1-xor-raw	2142175232	100	100	2142175332
263	0x00020000	DATA00.PAC	mode1-xor-raw	2142208000	100	100	2142208100
264	0x00010000	DATA00.PAC	mode1-xor-deflate	2142240768	30780	880640	2142271548
265	0x00010000	DATA00.PAC	mode1-xor-deflate	2142273536	36302	1007616	2142309838
266	0x00010000	DATA00.PAC	mode1-xor-deflate	2142339072	34936	917504	2142374008
267	0x00010000	DATA00.PAC	mode1-xor-deflate	2142404608	442475	7725056	2142847083
268	0x00010000	DATA00.PAC	mode1-xor-deflate	2142863360	90000	2039808	2142953360
269	0x00010000	DATA00.PAC	mode1-xor-deflate	2142961664	120670	2125824	2143082334
270	0x00010000	DATA00.PAC	mode1-xor-deflate	2143092736	117063	1912832	2143209799
271	0x00010000	DATA00.PAC	mode1-xor-deflate	2143223808	119610	1929216	2143343418
272	0x00010000	DATA00.PAC	mode1-xor-deflate	2143354880	77972	1925120	2143432852
273	0x00010000	DATA00.PAC	mode1-xor-deflate	2143453184	110690	1912832	2143563874
274	0x00010000	DATA00.PAC	mode1-xor-deflate	2143584256	115059	2060288	2143699315
275	0x00010000	DATA00.PAC	mode1-xor-deflate	2143715328	93813	2011136	2143809141
276	0x00010000	DATA00.PAC	mode1-xor-deflate	2143813632	55168	1912832	2143868800
277	0x00010000	DATA00.PAC	mode1-xor-deflate	2143879168	117710	1912832	2143996878
278	0x00010000	DATA00.PAC	mode1-xor-deflate	2144010240	114999	2007040	2144125239
279	0x00010000	DATA00.PAC	mode1-xor-deflate	2144141312	115851	1900544	2144257163
280	0x00010000	DATA00.PAC	mode1-xor-deflate	2144272384	87051	1961984	2144359435
281	0x00010000	DATA00.PAC	mode1-xor-deflate	2144370688	80383	1724416	2144451071
282	0x00010000	DATA00.PAC	mode1-xor-deflate	2144468992	87227	1912832	2144556219
283	0x00010000	DATA00.PAC	mode1-xor-deflate	2144567296	98672	1679360	2144665968
284	0x00010000	DATA00.PAC	mode1-xor-deflate	2144698368	161741	1626112	2144860109
285	0x00010000	DATA00.PAC	mode1-xor-deflate	2144862208	140276	1626112	2145002484
286	0x00010000	DATA00.PAC	mode1-xor-deflate	2145026048	142251	1626112	2145168299
287	0x00010000	DATA00.PAC	mode1-xor-deflate	2145189888	133191	1626112	2145323079
288	0x00010000	DATA00.PAC	mode1-xor-deflate	2145353728	138230	1626112	2145491958
289	0x00010000	DATA00.PAC	mode1-xor-deflate	2145517568	145800	1626112	2145663368
290	0x00010000	DATA00.PAC	mode1-xor-deflate	2145681408	155798	1626112	2145837206
291	0x00010000	DATA00.PAC	mode1-xor-deflate	2145845248	134788	1626112	2145980036
292	0x00010000	DATA00.PAC	mode1-xor-deflate	2146009088	156195	1626112	2146165283
293	0x00010000	DATA00.PAC	mode1-xor-deflate	2146172928	167632	1626112	2146340560
294	0x00010000	DATA00.PAC	mode1-xor-deflate	2146369536	143842	1626112	2146513378
295	0x00010000	DATA00.PAC	mode1-xor-deflate	2146533376	143621	1626112	2146676997
296	0x00010000	DATA00.PAC	mode1-xor-deflate	2146697216	153118	1626112	2146850334
297	0x00010000	DATA00.PAC	mode1-xor-deflate	2146861056	145217	1626112	2147006273
298	0x00010000	DATA00.PAC	mode1-xor-deflate	2147024896	139455	1626112	2147164351
299	0x00010000	DATA00.PAC	mode1-xor-deflate	2147188736	139744	1626112	2147328480
300	0x00010000	DATA00.PAC	mode1-xor-deflate	2147352576	137933	1626112	2147490509
301	0x00010000	DATA00.PAC	mode1-xor-deflate	2147516416	18970	614400	2147535386
302	0x00010000	DATA00.PAC	mode1-xor-deflate	2147549184	148847	1560576	2147698031
303	0x00010000	DATA00.PAC	mode1-xor-deflate	2147713024	151713	1560576	2147864737
304	0x00010000	DATA00.PAC	mode1-xor-deflate	2147876864	151173	1560576	2148028037
305	0x00010000	DATA00.PAC	mode1-xor-deflate	2148040704	146719	1560576	2148187423
306	0x00010000	DATA00.PAC	mode1-xor-deflate	2148204544	152746	1560576	2148357290
307	0x00010000	DATA00.PAC	mode1-xor-deflate	2148368384	159040	1560576	2148527424
308	0x00010000	DATA00.PAC	mode1-xor-deflate	2148532224	156195	1560576	2148688419
309	0x00010000	DATA00.PAC	mode1-xor-deflate	2148696064	146715	1560576	2148842779
310	0x00010000	DATA00.PAC	mode1-xor-deflate	2148859904	146945	1560576	2149006849
311	0x00010000	DATA00.PAC	mode1-xor-deflate	2149023744	159041	1560576	2149182785
312	0x00010000	DATA00.PAC	mode1-xor-deflate	2149187584	144452	1560576	2149332036
313	0x00010000	DATA00.PAC	mode1-xor-deflate	2149351424	152738	1560576	2149504162
314	0x00010000	DATA00.PAC	mode1-xor-deflate	2149515264	130802	1560576	2149646066
315	0x00010000	DATA00.PAC	mode1-xor-deflate	2149646336	147728	1560576	2149794064
316	0x00010000	DATA00.PAC	mode1-xor-deflate	2149810176	156887	1560576	2149967063
317	0x00010000	DATA00.PAC	mode1-xor-deflate	2149974016	144355	1560576	2150118371
318	0x00010000	DATA00.PAC	mode1-xor-deflate	2150137856	154071	1560576	2150291927
319	0x00010000	DATA00.PAC	mode1-xor-deflate	2150301696	54230	1626112	2150355926
320	0x00010000	DATA00.PAC	mode1-xor-deflate	2150367232	57569	1626112	2150424801
321	0x00010000	DATA00.PAC	mode1-xor-deflate	2150432768	73736	1626112	2150506504
322	0x00010000	DATA00.PAC	mode1-xor-deflate	2150531072	75743	1626112	2150606815
323	0x00010000	DATA00.PAC	mode1-xor-deflate	2150629376	70495	1626112	2150699871
324	0x00010000	DATA00.PAC	mode1-xor-deflate	2150727680	86351	1626112	2150814031
325	0x00010000	DATA00.PAC	mode1-xor-deflate	2150825984	47883	1626112	2150873867
326	0x00010000	DATA00.PAC	mode1-xor-deflate	2150891520	70757	1626112	2150962277
327	0x00010000	DATA00.PAC	mode1-xor-deflate	2150989824	135090	1163264	2151124914
328	0x00010000	DATA00.PAC	mode1-xor-deflate	2151153664	150635	1626112	2151304299
329	0x00010000	DATA00.PAC	mode1-xor-deflate	2151317504	123958	1626112	2151441462
330	0x00010000	DATA00.PAC	mode1-xor-deflate	2151448576	137113	1626112	2151585689
331	0x00010000	DATA00.PAC	mode1-xor-deflate	2151612416	262377	2088960	2151874793
332	0x00010000	DATA00.PAC	mode1-xor-deflate	2151907328	259743	2088960	2152167071
333	0x00010000	DATA00.PAC	mode1-xor-deflate	2152169472	97938	1626112	2152267410
334	0x00010000	DATA00.PAC	mode1-xor-deflate	2152267776	245798	2088960	2152513574
335	0x00010000	DATA00.PAC	mode1-xor-deflate	2152529920	245161	2088960	2152775081
336	0x00010000	DATA00.PAC	mode1-xor-deflate	2152792064	159995	1626112	2152952059
337	0x00010000	DATA00.PAC	mode1-xor-deflate	2152955904	160546	1626112	2153116450
338	0x00010000	DATA00.PAC	mode1-xor-deflate	2153119744	149928	1626112	2153269672
339	0x00010000	DATA00.PAC	mode1-xor-deflate	2153283584	136757	1626112	2153420341
340	0x00010000	DATA00.PAC	mode1-xor-deflate	2153447424	157416	1626112	2153604840
341	0x00010000	DATA00.PAC	mode1-xor-deflate	2153611264	150165	1626112	2153761429
342	0x00010000	DATA00.PAC	mode1-xor-deflate	2153775104	171156	647168	2153946260
343	0x00010000	DATA00.PAC	mode1-xor-deflate	2153971712	1301044	4612096	2155272756
344	0x00020000	DATA00.PAC	mode1-xor-raw	2155282432	36	36	2155282468
345	0x00020000	DATA00.PAC	mode1-xor-raw	2155315200	36	36	2155315236
346	0x00010000	DATA00.PAC	mode1-xor-deflate	2155347968	2673275	8159232	2158021243
347	0x00010000	DATA00.PAC	mode1-xor-deflate	2158034944	1304755	4812288	2159339699
348	0x00010000	DATA00.PAC	mode1-xor-deflate	2159345664	1485415	4814336	2160831079
349	0x00010000	DATA00.PAC	mode1-xor-deflate	2160852992	1347647	4815504	2162200639
350	0x00010000	DATA00.PAC	mode1-xor-deflate	2162229248	2490909	7440384	2164720157
351	0x00010000	DATA00.PAC	mode1-xor-deflate	2164752384	1365164	4816944	2166117548
352	0x00010000	DATA00.PAC	mode1-xor-deflate	2166128640	1175579	4818944	2167304219
353	0x00010000	DATA00.PAC	mode1-xor-deflate	2167308288	1364546	4819984	2168672834
354	0x00010000	DATA00.PAC	mode1-xor-deflate	2168684544	2936178	7866368	2171620722
355	0x00010000	DATA00.PAC	mode1-xor-deflate	2171633664	1338417	4822288	2172972081
356	0x00010000	DATA00.PAC	mode1-xor-deflate	2172977152	1197574	4824256	2174174726
357	0x00010000	DATA00.PAC	mode1-xor-deflate	2174189568	1482565	4825376	2175672133
358	0x00010000	DATA00.PAC	mode1-xor-deflate	2175696896	2393032	7733248	2178089928
359	0x00010000	DATA00.PAC	mode1-xor-deflate	2178121728	1424970	4834704	2179546698
360	0x00010000	DATA00.PAC	mode1-xor-deflate	2179563520	1444683	4836608	2181008203
361	0x00010000	DATA00.PAC	mode1-xor-deflate	2181038080	1403966	4837776	2182442046
362	0x00010000	DATA00.PAC	mode1-xor-deflate	2182447104	2269765	7723008	2184716869
363	0x00010000	DATA00.PAC	mode1-xor-deflate	2184740864	1671846	4823264	2186412710
364	0x00010000	DATA00.PAC	mode1-xor-deflate	2186444800	1622783	4825200	2188067583
365	0x00010000	DATA00.PAC	mode1-xor-deflate	2188083200	1423851	4826304	2189507051
366	0x00010000	DATA00.PAC	mode1-xor-deflate	2189524992	2386140	7823360	2191911132
367	0x00010000	DATA00.PAC	mode1-xor-deflate	2191917056	1438342	4824704	2193355398
368	0x00010000	DATA00.PAC	mode1-xor-deflate	2193358848	1377948	4826608	2194736796
369	0x00010000	DATA00.PAC	mode1-xor-deflate	2194767872	1197784	4827728	2195965656
370	0x00010000	DATA00.PAC	mode1-xor-deflate	2195980288	2585025	7936000	2198565313
371	0x00010000	DATA00.PAC	mode1-xor-deflate	2198568960	1697565	4829824	2200266525
372	0x00010000	DATA00.PAC	mode1-xor-deflate	2200272896	1756977	4829824	2202029873
373	0x00010000	DATA00.PAC	mode1-xor-deflate	2202042368	1604297	4832832	2203646665
374	0x00010000	DATA00.PAC	mode1-xor-deflate	2203648000	2425056	7571456	2206073056
375	0x00010000	DATA00.PAC	mode1-xor-deflate	2206105600	1553640	4828768	2207659240
376	0x00010000	DATA00.PAC	mode1-xor-deflate	2207678464	1238797	4830672	2208917261
377	0x00010000	DATA00.PAC	mode1-xor-deflate	2208923648	1215624	4831840	2210139272
378	0x00010000	DATA00.PAC	mode1-xor-deflate	2210168832	2507252	8056832	2212676084
379	0x00010000	DATA00.PAC	mode1-xor-deflate	2212691968	1192411	4825280	2213884379
380	0x00010000	DATA00.PAC	mode1-xor-deflate	2213904384	1304226	4827264	2215208610
381	0x00010000	DATA00.PAC	mode1-xor-deflate	2215215104	1534714	4828432	2216749818
382	0x00010000	DATA00.PAC	mode1-xor-deflate	2216755200	2362944	7862272	2219118144
383	0x00010000	DATA00.PAC	mode1-xor-deflate	2219147264	1233275	4822112	2220380539
384	0x00010000	DATA00.PAC	mode1-xor-deflate	2220392448	1123336	4824080	2221515784
385	0x00010000	DATA00.PAC	mode1-xor-deflate	2221539328	1620087	4825168	2223159415
386	0x00010000	DATA00.PAC	mode1-xor-deflate	2223177728	2125288	7110656	2225303016
387	0x00010000	DATA00.PAC	mode1-xor-deflate	2225307648	1162067	4816752	2226469715
388	0x00010000	DATA00.PAC	mode1-xor-deflate	2226487296	1100913	4818816	2227588209
389	0x00010000	DATA00.PAC	mode1-xor-deflate	2227601408	1215461	4819952	2228816869
390	0x00010000	DATA00.PAC	mode1-xor-deflate	2228846592	2367699	7446528	2231214291
391	0x00010000	DATA00.PAC	mode1-xor-deflate	2231238656	1187108	4825328	2232425764
392	0x00010000	DATA00.PAC	mode1-xor-deflate	2232451072	796530	4827248	2233247602
393	0x00010000	DATA00.PAC	mode1-xor-deflate	2233270272	1077469	4828448	2234347741
394	0x00010000	DATA00.PAC	mode1-xor-deflate	2234351616	2436248	7092224	2236787864
395	0x00010000	DATA00.PAC	mode1-xor-deflate	2236809216	1192996	4822192	2238002212
396	0x00010000	DATA00.PAC	mode1-xor-deflate	2238021632	1431124	4824160	2239452756
397	0x00010000	DATA00.PAC	mode1-xor-deflate	2239463424	1310172	4825280	2240773596
398	0x00010000	DATA00.PAC	mode1-xor-deflate	2240774144	2093849	7591936	2242867993
399	0x00010000	DATA00.PAC	mode1-xor-deflate	2242871296	1377309	4817376	2244248605
400	0x00010000	DATA00.PAC	mode1-xor-deflate	2244280320	1447299	4819328	2245727619
401	0x00010000	DATA00.PAC	mode1-xor-deflate	2245754880	1493980	4820448	2247248860
402	0x00010000	DATA00.PAC	mode1-xor-deflate	2247262208	1987834	7536640	2249250042
403	0x00010000	DATA00.PAC	mode1-xor-deflate	2249261056	1252942	4831520	2250513998
404	0x00010000	DATA00.PAC	mode1-xor-deflate	2250539008	1236480	4833392	2251775488
405	0x00010000	DATA00.PAC	mode1-xor-deflate	2251784192	1261351	4834576	2253045543
406	0x00010000	DATA00.PAC	mode1-xor-deflate	2253062144	156424	571840	2253218568
407	0x00010000	DATA00.PAC	mode1-xor-deflate	2253225984	217893	538064	2253443877
408	0x00010000	DATA00.PAC	mode1-xor-deflate	2253455360	223317	538064	2253678677
409	0x00010000	DATA00.PAC	mode1-xor-deflate	2253684736	215322	538064	2253900058
410	0x00010000	DATA00.PAC	mode1-xor-deflate	2253914112	215919	741616	2254130031
411	0x00010000	DATA00.PAC	mode1-xor-deflate	2254143488	184899	538080	2254328387
412	0x00010000	DATA00.PAC	mode1-xor-deflate	2254340096	185828	538080	2254525924
413	0x00010000	DATA00.PAC	mode1-xor-deflate	2254536704	186148	538080	2254722852
414	0x00010000	DATA00.PAC	mode1-xor-deflate	2254733312	216281	777872	2254949593
415	0x00010000	DATA00.PAC	mode1-xor-deflate	2254962688	248035	538080	2255210723
416	0x00010000	DATA00.PAC	mode1-xor-deflate	2255224832	235897	538080	2255460729
417	0x00010000	DATA00.PAC	mode1-xor-deflate	2255486976	249760	538080	2255736736
418	0x00010000	DATA00.PAC	mode1-xor-deflate	2255749120	220366	713168	2255969486
419	0x00010000	DATA00.PAC	mode1-xor-deflate	2255978496	253323	542160	2256231819
420	0x00010000	DATA00.PAC	mode1-xor-deflate	2256240640	255312	542160	2256495952
421	0x00010000	DATA00.PAC	mode1-xor-deflate	2256502784	260043	542160	2256762827
422	0x00010000	DATA00.PAC	mode1-xor-deflate	2256764928	284451	930464	2257049379
423	0x00010000	DATA00.PAC	mode1-xor-deflate	2257059840	229276	542144	2257289116
424	0x00010000	DATA00.PAC	mode1-xor-deflate	2257289216	241761	542144	2257530977
425	0x00010000	DATA00.PAC	mode1-xor-deflate	2257551360	212612	542144	2257763972
426	0x00010000	DATA00.PAC	mode1-xor-deflate	2257780736	212601	786528	2257993337
427	0x00010000	DATA00.PAC	mode1-xor-deflate	2258010112	223443	570832	2258233555
428	0x00010000	DATA00.PAC	mode1-xor-deflate	2258239488	227614	570832	2258467102
429	0x00010000	DATA00.PAC	mode1-xor-deflate	2258468864	212707	538064	2258681571
430	0x00010000	DATA00.PAC	mode1-xor-deflate	2258698240	243087	806416	2258941327
431	0x00010000	DATA00.PAC	mode1-xor-deflate	2258960384	274908	538064	2259235292
432	0x00010000	DATA00.PAC	mode1-xor-deflate	2259255296	288127	538064	2259543423
433	0x00010000	DATA00.PAC	mode1-xor-deflate	2259550208	258008	546256	2259808216
434	0x00010000	DATA00.PAC	mode1-xor-deflate	2259812352	266713	925008	2260079065
435	0x00010000	DATA00.PAC	mode1-xor-deflate	2260107264	233723	538080	2260340987
436	0x00010000	DATA00.PAC	mode1-xor-deflate	2260369408	206236	538080	2260575644
437	0x00010000	DATA00.PAC	mode1-xor-deflate	2260598784	205954	538080	2260804738
438	0x00010000	DATA00.PAC	mode1-xor-deflate	2260828160	219974	790576	2261048134
439	0x00010000	DATA00.PAC	mode1-xor-deflate	2261057536	230275	538048	2261287811
440	0x00010000	DATA00.PAC	mode1-xor-deflate	2261319680	225765	538048	2261545445
441	0x00010000	DATA00.PAC	mode1-xor-deflate	2261549056	241823	538048	2261790879
442	0x00010000	DATA00.PAC	mode1-xor-deflate	2261811200	228970	822544	2262040170
443	0x00010000	DATA00.PAC	mode1-xor-deflate	2262040576	177414	538096	2262217990
444	0x00010000	DATA00.PAC	mode1-xor-deflate	2262237184	164821	538096	2262402005
445	0x00010000	DATA00.PAC	mode1-xor-deflate	2262433792	196830	538096	2262630622
446	0x00010000	DATA00.PAC	mode1-xor-deflate	2262663168	111949	420528	2262775117
447	0x00010000	DATA00.PAC	mode1-xor-deflate	2262794240	198193	533984	2262992433
448	0x00010000	DATA00.PAC	mode1-xor-deflate	2263023616	191760	533984	2263215376
449	0x00010000	DATA00.PAC	mode1-xor-deflate	2263220224	199068	533984	2263419292
450	0x00010000	DATA00.PAC	mode1-xor-deflate	2263449600	213031	728128	2263662631
451	0x00010000	DATA00.PAC	mode1-xor-deflate	2263678976	244348	538080	2263923324
452	0x00010000	DATA00.PAC	mode1-xor-deflate	2263941120	215374	538080	2264156494
453	0x00010000	DATA00.PAC	mode1-xor-deflate	2264170496	226885	538080	2264397381
454	0x00010000	DATA00.PAC	mode1-xor-deflate	2264399872	119969	399392	2264519841
455	0x00010000	DATA00.PAC	mode1-xor-deflate	2264530944	199237	533984	2264730181
456	0x00010000	DATA00.PAC	mode1-xor-deflate	2264760320	222452	533984	2264982772
457	0x00010000	DATA00.PAC	mode1-xor-deflate	2264989696	217491	533984	2265207187
458	0x00010000	DATA00.PAC	mode1-xor-deflate	2265219072	157460	527136	2265376532
459	0x00010000	DATA00.PAC	mode1-xor-deflate	2265382912	217271	534000	2265600183
460	0x00010000	DATA00.PAC	mode1-xor-deflate	2265612288	262244	534000	2265874532
461	0x00010000	DATA00.PAC	mode1-xor-deflate	2265907200	263977	534000	2266171177
462	0x00010000	DATA00.PAC	mode1-xor-deflate	2266202112	168023	581104	2266370135
463	0x00010000	DATA00.PAC	mode1-xor-deflate	2266398720	223578	533968	2266622298
464	0x00010000	DATA00.PAC	mode1-xor-deflate	2266628096	221632	533968	2266849728
465	0x00010000	DATA00.PAC	mode1-xor-deflate	2266857472	215711	533968	2267073183
466	0x01010000	DATA01.PAC	mode1-xor-deflate	0	90893	348160	90893
467	0x01010000	DATA01.PAC	mode1-xor-deflate	98304	11669	147456	109973
468	0x01010000	DATA01.PAC	mode1-xor-deflate	131072	11671	147456	142743
469	0x01010000	DATA01.PAC	mode1-xor-deflate	163840	16155	147456	179995
470	0x01010000	DATA01.PAC	mode1-xor-deflate	196608	13621	147456	210229
471	0x01010000	DATA01.PAC	mode1-xor-deflate	229376	12892	147456	242268
472	0x01010000	DATA01.PAC	mode1-xor-deflate	262144	13791	147456	275935
473	0x01010000	DATA01.PAC	mode1-xor-deflate	294912	583165	1700576	878077
474	0x01010000	DATA01.PAC	mode1-xor-deflate	884736	542198	2060288	1426934
475	0x01010000	DATA01.PAC	mode1-xor-deflate	1441792	4032755	7362272	5474547
476	0x01010000	DATA01.PAC	mode1-xor-deflate	5505024	943733	5610496	6448757
477	0x01010000	DATA01.PAC	mode1-xor-deflate	6455296	416921	1413120	6872217
478	0x01010000	DATA01.PAC	mode1-xor-deflate	6881280	679463	1602304	7560743
479	0x01010000	DATA01.PAC	mode1-xor-deflate	7569408	544396	2060288	8113804
480	0x01010000	DATA01.PAC	mode1-xor-deflate	8126464	7082954	11569808	15209418
481	0x01010000	DATA01.PAC	mode1-xor-deflate	15237120	4565803	7666368	19802923
482	0x01010000	DATA01.PAC	mode1-xor-deflate	19824640	496043	1769472	20320683
483	0x01010000	DATA01.PAC	mode1-xor-deflate	20348928	5356623	9313456	25705551
484	0x01010000	DATA01.PAC	mode1-xor-deflate	25722880	1204736	2411056	26927616
485	0x01010000	DATA01.PAC	mode1-xor-deflate	26935296	423124	1454080	27358420
486	0x01010000	DATA01.PAC	mode1-xor-deflate	27361280	1984528	4286976	29345808
487	0x01010000	DATA01.PAC	mode1-xor-deflate	29360128	456855	1634304	29816983
488	0x01010000	DATA01.PAC	mode1-xor-deflate	29818880	3998771	7189664	33817651
489	0x01010000	DATA01.PAC	mode1-xor-deflate	33849344	522788	2056192	34372132
490	0x01010000	DATA01.PAC	mode1-xor-deflate	34373632	2854533	4714704	37228165
491	0x01010000	DATA01.PAC	mode1-xor-deflate	37257216	2469200	4006240	39726416
492	0x01010000	DATA01.PAC	mode1-xor-deflate	39747584	3163736	4918832	42911320
493	0x01010000	DATA01.PAC	mode1-xor-deflate	42926080	462638	1667072	43388718
494	0x01010000	DATA01.PAC	mode1-xor-deflate	43417600	801742	1748112	44219342
495	0x01010000	DATA01.PAC	mode1-xor-deflate	44236800	3177199	5658464	47413999
496	0x01010000	DATA01.PAC	mode1-xor-deflate	47415296	460354	1667072	47875650
497	0x01010000	DATA01.PAC	mode1-xor-deflate	47906816	3711045	6340464	51617861
498	0x01010000	DATA01.PAC	mode1-xor-deflate	51642368	496772	1777664	52139140
499	0x01010000	DATA01.PAC	mode1-xor-deflate	52166656	6692606	11853248	58859262
500	0x01020000	DATA01.PAC	mode1-xor-raw	58884096	36	36	58884132
501	0x01010000	DATA01.PAC	mode1-xor-deflate	58916864	464189	1667072	59381053
502	0x01010000	DATA01.PAC	mode1-xor-deflate	59408384	4848103	8851520	64256487
503	0x01010000	DATA01.PAC	mode1-xor-deflate	64258048	492100	1769472	64750148
504	0x01010000	DATA01.PAC	mode1-xor-deflate	64782336	7934026	13092640	72716362
505	0x01010000	DATA01.PAC	mode1-xor-deflate	72744960	489066	1769472	73234026
506	0x01010000	DATA01.PAC	mode1-xor-deflate	73236480	4930558	9228160	78167038
507	0x01010000	DATA01.PAC	mode1-xor-deflate	78184448	517151	2035712	78701599
508	0x01010000	DATA01.PAC	mode1-xor-deflate	78708736	2023188	3866528	80731924
509	0x01010000	DATA01.PAC	mode1-xor-deflate	80740352	4561878	7911616	85302230
510	0x01010000	DATA01.PAC	mode1-xor-deflate	85327872	574519	2072576	85902391
511	0x01010000	DATA01.PAC	mode1-xor-deflate	85917696	6265949	10376048	92183645
512	0x01010000	DATA01.PAC	mode1-xor-deflate	92209152	4412643	7572048	96621795
513	0x01010000	DATA01.PAC	mode1-xor-deflate	96632832	3909547	7039024	100542379
514	0x01010000	DATA01.PAC	mode1-xor-deflate	100564992	2491427	4765008	103056419
515	0x01010000	DATA01.PAC	mode1-xor-deflate	103088128	481857	1769472	103569985
516	0x01010000	DATA01.PAC	mode1-xor-deflate	103579648	497294	1417040	104076942
517	0x01010000	DATA01.PAC	mode1-xor-deflate	104103936	1638233	2755808	105742169
518	0x01010000	DATA01.PAC	mode1-xor-deflate	105742336	2255412	3413216	107997748
519	0x01010000	DATA01.PAC	mode1-xor-deflate	108003328	4015401	6650864	112018729
520	0x01010000	DATA01.PAC	mode1-xor-deflate	112033792	3318445	5231696	115352237
521	0x01010000	DATA01.PAC	mode1-xor-deflate	115376128	571354	2093056	115947482
522	0x01010000	DATA01.PAC	mode1-xor-deflate	115965952	3448693	5355648	119414645
523	0x01010000	DATA01.PAC	mode1-xor-deflate	119439360	2655078	4372768	122094438
524	0x01010000	DATA01.PAC	mode1-xor-deflate	122126336	3568883	5755776	125695219
525	0x01010000	DATA01.PAC	mode1-xor-deflate	125698048	2663342	4558128	128361390
526	0x01010000	DATA01.PAC	mode1-xor-deflate	128385024	2549272	4071088	130934296
527	0x01010000	DATA01.PAC	mode1-xor-deflate	130940928	1478821	2353408	132419749
528	0x01010000	DATA01.PAC	mode1-xor-deflate	132448256	2291300	3902800	134739556
529	0x01010000	DATA01.PAC	mode1-xor-deflate	134742016	524862	2056192	135266878
530	0x01010000	DATA01.PAC	mode1-xor-deflate	135299072	5116773	8970848	140415845
531	0x01010000	DATA01.PAC	mode1-xor-deflate	140443648	2585495	5889136	143029143
532	0x01010000	DATA01.PAC	mode1-xor-deflate	143032320	4015521	6193968	147047841
533	0x01010000	DATA01.PAC	mode1-xor-deflate	147062784	45665	239200	147108449
534	0x01010000	DATA01.PAC	mode1-xor-deflate	147128320	1328	49968	147129648
535	0x01010000	DATA01.PAC	mode1-xor-deflate	147161088	5663366	13369344	152824454
536	0x01010000	DATA01.PAC	mode1-xor-deflate	152829952	14259069	30900224	167089021
537	0x01010000	DATA01.PAC	mode1-xor-deflate	167116800	6402509	12201984	173519309
538	0x01010000	DATA01.PAC	mode1-xor-deflate	173539328	9281801	19394560	182821129
539	0x01010000	DATA01.PAC	mode1-xor-deflate	182845440	11911040	24567808	194756480
540	0x01010000	DATA01.PAC	mode1-xor-deflate	194772992	9677749	20619264	204450741
541	0x01010000	DATA01.PAC	mode1-xor-deflate	204472320	12223702	30289920	216696022
542	0x01010000	DATA01.PAC	mode1-xor-deflate	216727552	8726666	17735680	225454218
543	0x01010000	DATA01.PAC	mode1-xor-deflate	225476608	12470726	22753280	237947334
544	0x01010000	DATA01.PAC	mode1-xor-deflate	237961216	5238346	13516800	243199562
545	0x01010000	DATA01.PAC	mode1-xor-deflate	243204096	4905125	10989568	248109221
546	0x01010000	DATA01.PAC	mode1-xor-deflate	248119296	7294339	14262272	255413635
547	0x01010000	DATA01.PAC	mode1-xor-deflate	255426560	1380002	2338816	256806562
548	0x01010000	DATA01.PAC	mode1-xor-deflate	256835584	5734871	11042816	262570455
549	0x01010000	DATA01.PAC	mode1-xor-deflate	262602752	963720	3420160	263566472
550	0x01010000	DATA01.PAC	mode1-xor-deflate	263585792	5062243	10321920	268648035
551	0x01010000	DATA01.PAC	mode1-xor-deflate	268664832	14271200	28266496	282936032
552	0x01010000	DATA01.PAC	mode1-xor-deflate	282951680	7847117	12374016	290798797
553	0x01010000	DATA01.PAC	mode1-xor-deflate	290816000	3749202	8577024	294565202
554	0x01010000	DATA01.PAC	mode1-xor-deflate	294584320	9823405	21168128	304407725
555	0x01010000	DATA01.PAC	mode1-xor-deflate	304414720	3052796	6594560	307467516
556	0x01010000	DATA01.PAC	mode1-xor-deflate	307494912	3120325	7151616	310615237
557	0x01010000	DATA01.PAC	mode1-xor-deflate	310640640	6468195	13185024	317108835
558	0x01010000	DATA01.PAC	mode1-xor-deflate	317128704	5289118	17108992	322417822
559	0x01010000	DATA01.PAC	mode1-xor-deflate	322437120	12827532	28921856	335264652
560	0x01010000	DATA01.PAC	mode1-xor-deflate	335282176	10770353	17887232	346052529
561	0x01010000	DATA01.PAC	mode1-xor-deflate	346062848	775983	2387968	346838831
562	0x01010000	DATA01.PAC	mode1-xor-deflate	346849280	9081546	18464768	355930826
563	0x01010000	DATA01.PAC	mode1-xor-deflate	355958784	10433420	25227264	366392204
564	0x01010000	DATA01.PAC	mode1-xor-deflate	366411776	9212905	19324928	375624681
565	0x01010000	DATA01.PAC	mode1-xor-deflate	375652352	1013757	3973120	376666109
566	0x01010000	DATA01.PAC	mode1-xor-deflate	376668160	9730538	20369408	386398698
567	0x01010000	DATA01.PAC	mode1-xor-deflate	386400256	9228110	19185664	395628366
568	0x01010000	DATA01.PAC	mode1-xor-deflate	395640832	77443	217088	395718275
569	0x01010000	DATA01.PAC	mode1-xor-deflate	395739136	118742	245760	395857878
570	0x01010000	DATA01.PAC	mode1-xor-deflate	395870208	2407793	3948544	398278001
571	0x01010000	DATA01.PAC	mode1-xor-deflate	398295040	4192546	7192576	402487586
572	0x01010000	DATA01.PAC	mode1-xor-deflate	402489344	2995309	5038080	405484653
573	0x01010000	DATA01.PAC	mode1-xor-deflate	405504000	2258123	4083712	407762123
574	0x01010000	DATA01.PAC	mode1-xor-deflate	407764992	10962	57344	407775954
575	0x01010000	DATA01.PAC	mode1-xor-deflate	407797760	3472745	5660672	411270505
576	0x01010000	DATA01.PAC	mode1-xor-deflate	411271168	3258842	5742592	414530010
577	0x01010000	DATA01.PAC	mode1-xor-deflate	414547968	3029551	5054464	417577519
578	0x01010000	DATA01.PAC	mode1-xor-deflate	417595392	2033167	4141056	419628559
579	0x01010000	DATA01.PAC	mode1-xor-deflate	419659776	3359792	6410240	423019568
580	0x01010000	DATA01.PAC	mode1-xor-deflate	423034880	3331556	6029312	426366436
581	0x01010000	DATA01.PAC	mode1-xor-deflate	426377216	2687495	4333568	429064711
582	0x01010000	DATA01.PAC	mode1-xor-deflate	429096960	3778511	5849088	432875471
583	0x01010000	DATA01.PAC	mode1-xor-deflate	432898048	3078488	5341184	435976536
584	0x01010000	DATA01.PAC	mode1-xor-deflate	435978240	2123821	3624960	438102061
585	0x01010000	DATA01.PAC	mode1-xor-deflate	438108160	134280	221184	438242440
586	0x01010000	DATA01.PAC	mode1-xor-deflate	438272000	3197894	5672960	441469894
587	0x01010000	DATA01.PAC	mode1-xor-deflate	441483264	2615755	4354048	444099019
588	0x01010000	DATA01.PAC	mode1-xor-deflate	444104704	3447902	5914624	447552606
589	0x01010000	DATA01.PAC	mode1-xor-deflate	447578112	2162045	3354624	449740157
590	0x01010000	DATA01.PAC	mode1-xor-deflate	449740800	2382662	3936256	452123462
591	0x01010000	DATA01.PAC	mode1-xor-deflate	452132864	119733	303104	452252597
592	0x01010000	DATA01.PAC	mode1-xor-deflate	452263936	3941449	7426048	456205385
593	0x01010000	DATA01.PAC	mode1-xor-deflate	456228864	2005202	3473408	458234066
594	0x01010000	DATA01.PAC	mode1-xor-deflate	458260480	1675923	3346432	459936403
595	0x01010000	DATA01.PAC	mode1-xor-deflate	459964416	2328747	4108288	462293163
596	0x01010000	DATA01.PAC	mode1-xor-deflate	462323712	173148	327680	462496860
597	0x01010000	DATA01.PAC	mode1-xor-deflate	462520320	3926827	6074368	466447147
598	0x01010000	DATA01.PAC	mode1-xor-deflate	466452480	127011	233472	466579491
599	0x01010000	DATA01.PAC	mode1-xor-deflate	466583552	130999	233472	466714551
600	0x01010000	DATA01.PAC	mode1-xor-deflate	466714624	128864	233472	466843488
601	0x01010000	DATA01.PAC	mode1-xor-deflate	466845696	131919	225280	466977615
602	0x01010000	DATA01.PAC	mode1-xor-deflate	467009536	128199	237568	467137735
603	0x01010000	DATA01.PAC	mode1-xor-deflate	467140608	151733	274432	467292341
604	0x01010000	DATA01.PAC	mode1-xor-deflate	467304448	124060	245760	467428508
605	0x01010000	DATA01.PAC	mode1-xor-deflate	467435520	126943	241664	467562463
606	0x01010000	DATA01.PAC	mode1-xor-deflate	467566592	120734	229376	467687326
607	0x01010000	DATA01.PAC	mode1-xor-deflate	467697664	12612314	37777408	480309978
608	0x01010000	DATA01.PAC	mode1-xor-deflate	480313344	109882	225280	480423226
609	0x01010000	DATA01.PAC	mode1-xor-deflate	480444416	2458146	4120576	482902562
610	0x01010000	DATA01.PAC	mode1-xor-deflate	482934784	3610131	6737920	486544915
611	0x01010000	DATA01.PAC	mode1-xor-deflate	486572032	122512	221184	486694544
612	0x01010000	DATA01.PAC	mode1-xor-deflate	486703104	123737	229376	486826841
613	0x01010000	DATA01.PAC	mode1-xor-deflate	486834176	116118	217088	486950294
614	0x01010000	DATA01.PAC	mode1-xor-deflate	486965248	111532	229376	487076780
615	0x01010000	DATA01.PAC	mode1-xor-deflate	487096320	3123671	6033408	490219991
616	0x01010000	DATA01.PAC	mode1-xor-deflate	490242048	2470259	4489216	492712307
617	0x01010000	DATA01.PAC	mode1-xor-deflate	492732416	41750	126976	492774166
618	0x01020000	DATA01.PAC	mode1-xor-raw	492797952	5568	5568	492803520
619	0x01010000	DATA01.PAC	mode1-xor-deflate	492830720	2888297	4653056	495719017
620	0x01010000	DATA01.PAC	mode1-xor-deflate	495747072	2481086	4489216	498228158
621	0x01010000	DATA01.PAC	mode1-xor-deflate	498237440	2629284	4595712	500866724
622	0x01010000	DATA01.PAC	mode1-xor-deflate	500891648	5289985	10493952	506181633
623	0x01010000	DATA01.PAC	mode1-xor-deflate	506200064	2059585	4136960	508259649
624	0x01010000	DATA01.PAC	mode1-xor-deflate	508264448	171382	303104	508435830
625	0x01010000	DATA01.PAC	mode1-xor-deflate	508461056	4183260	6660096	512644316
626	0x01010000	DATA01.PAC	mode1-xor-deflate	512655360	2953892	5210112	515609252
627	0x01010000	DATA01.PAC	mode1-xor-deflate	515637248	173846	315392	515811094
628	0x01010000	DATA01.PAC	mode1-xor-deflate	515833856	124315	225280	515958171
629	0x01010000	DATA01.PAC	mode1-xor-deflate	515964928	121537	229376	516086465
630	0x01010000	DATA01.PAC	mode1-xor-deflate	516096000	102528	208896	516198528
631	0x01010000	DATA01.PAC	mode1-xor-deflate	516227072	3157322	5103616	519384394
632	0x01010000	DATA01.PAC	mode1-xor-deflate	519405568	119546	245760	519525114
633	0x01010000	DATA01.PAC	mode1-xor-deflate	519536640	3127048	5169152	522663688
634	0x01010000	DATA01.PAC	mode1-xor-deflate	522682368	137707	229376	522820075
635	0x01010000	DATA01.PAC	mode1-xor-deflate	522846208	3306006	5382144	526152214
636	0x01010000	DATA01.PAC	mode1-xor-deflate	526155776	115405	225280	526271181
637	0x01010000	DATA01.PAC	mode1-xor-deflate	526286848	128581	225280	526415429
638	0x01010000	DATA01.PAC	mode1-xor-deflate	526417920	2794669	4526080	529212589
639	0x01010000	DATA01.PAC	mode1-xor-deflate	529235968	3952401	7434240	533188369
640	0x01010000	DATA01.PAC	mode1-xor-deflate	533200896	137621	270336	533338517
641	0x01010000	DATA01.PAC	mode1-xor-deflate	533364736	2768412	4526080	536133148
642	0x01010000	DATA01.PAC	mode1-xor-deflate	536150016	2726664	4816896	538876680
643	0x01010000	DATA01.PAC	mode1-xor-deflate	538902528	2113148	3588096	541015676
644	0x01010000	DATA01.PAC	mode1-xor-deflate	541032448	2182947	3551232	543215395
645	0x01010000	DATA01.PAC	mode1-xor-deflate	543227904	2821624	4472832	546049528
646	0x01010000	DATA01.PAC	mode1-xor-deflate	546078720	2626881	4354048	548705601
647	0x01010000	DATA01.PAC	mode1-xor-deflate	548732928	47134	139264	548780062
648	0x01010000	DATA01.PAC	mode1-xor-deflate	548798464	3667064	6873088	552465528
649	0x01010000	DATA01.PAC	mode1-xor-deflate	552468480	120670	221184	552589150
650	0x01010000	DATA01.PAC	mode1-xor-deflate	552599552	125277	237568	552724829
651	0x01010000	DATA01.PAC	mode1-xor-deflate	552730624	130251	221184	552860875
652	0x01010000	DATA01.PAC	mode1-xor-deflate	552861696	111095	225280	552972791
653	0x01010000	DATA01.PAC	mode1-xor-deflate	552992768	126889	249856	553119657
654	0x01010000	DATA01.PAC	mode1-xor-deflate	553123840	4401137	7725056	557524977
655	0x01010000	DATA01.PAC	mode1-xor-deflate	557547520	3358158	5943296	560905678
656	0x01010000	DATA01.PAC	mode1-xor-deflate	560922624	4408269	8327168	565330893
657	0x01010000	DATA01.PAC	mode1-xor-deflate	565346304	2458430	4059136	567804734
658	0x01010000	DATA01.PAC	mode1-xor-deflate	567836672	3635793	6205440	571472465
659	0x01010000	DATA01.PAC	mode1-xor-deflate	571473920	2452509	4210688	573926429
660	0x01010000	DATA01.PAC	mode1-xor-deflate	573931520	2624501	4677632	576556021
661	0x01010000	DATA01.PAC	mode1-xor-deflate	576585728	142475	274432	576728203
662	0x01010000	DATA01.PAC	mode1-xor-deflate	576749568	122931	282624	576872499
663	0x01010000	DATA01.PAC	mode1-xor-deflate	576880640	415090	884736	577295730
664	0x01010000	DATA01.PAC	mode1-xor-deflate	577306624	154559	339968	577461183
665	0x01010000	DATA01.PAC	mode1-xor-deflate	577470464	478922	970752	577949386
666	0x01010000	DATA01.PAC	mode1-xor-deflate	577961984	2294547	3960832	580256531
667	0x01010000	DATA01.PAC	mode1-xor-deflate	580288512	2442034	4198400	582730546
668	0x01010000	DATA01.PAC	mode1-xor-deflate	582746112	4330050	7663616	587076162
669	0x01010000	DATA01.PAC	mode1-xor-deflate	587104256	129432	233472	587233688
670	0x01010000	DATA01.PAC	mode1-xor-deflate	587235328	250344	458752	587485672
671	0x01010000	DATA01.PAC	mode1-xor-deflate	587497472	247679	450560	587745151
672	0x01010000	DATA01.PAC	mode1-xor-deflate	587759616	2472315	5111808	590231931
673	0x01010000	DATA01.PAC	mode1-xor-deflate	590249984	427319	647168	590677303
674	0x01010000	DATA01.PAC	mode1-xor-deflate	590708736	401042	835584	591109778
675	0x01010000	DATA01.PAC	mode1-xor-deflate	591134720	9872	49152	591144592
676	0x01010000	DATA01.PAC	mode1-xor-deflate	591167488	490393	974848	591657881
677	0x01010000	DATA01.PAC	mode1-xor-deflate	591659008	396327	860160	592055335
678	0x01010000	DATA01.PAC	mode1-xor-deflate	592084992	152615	425984	592237607
679	0x01010000	DATA01.PAC	mode1-xor-deflate	592248832	523595	1060864	592772427
680	0x01010000	DATA01.PAC	mode1-xor-deflate	592773120	264334	593920	593037454
681	0x01010000	DATA01.PAC	mode1-xor-deflate	593068032	85343	184320	593153375
682	0x01010000	DATA01.PAC	mode1-xor-deflate	593166336	172199	516096	593338535
683	0x01020000	DATA01.PAC	mode1-xor-raw	593362944	22160	22160	593385104
684	0x01010000	DATA01.PAC	mode1-xor-deflate	593395712	9179	61440	593404891
685	0x01010000	DATA01.PAC	mode1-xor-deflate	593428480	9199	61440	593437679
686	0x01010000	DATA01.PAC	mode1-xor-deflate	593461248	9307	61440	593470555
687	0x01010000	DATA01.PAC	mode1-xor-deflate	593494016	27545	94208	593521561
688	0x01010000	DATA01.PAC	mode1-xor-deflate	593526784	9143	61440	593535927
689	0x01010000	DATA01.PAC	mode1-xor-deflate	593559552	20578	114688	593580130
690	0x01010000	DATA01.PAC	mode1-xor-deflate	593592320	192782	344064	593785102
691	0x01010000	DATA01.PAC	mode1-xor-deflate	593788928	43544	114688	593832472
692	0x01010000	DATA01.PAC	mode1-xor-deflate	593854464	333308	913408	594187772
693	0x01010000	DATA01.PAC	mode1-xor-deflate	594214912	331859	909312	594546771
694	0x01010000	DATA01.PAC	mode1-xor-deflate	594575360	79939	192512	594655299
695	0x01010000	DATA01.PAC	mode1-xor-deflate	594673664	373684	843776	595047348
696	0x01010000	DATA01.PAC	mode1-xor-deflate	595066880	601817	1110016	595668697
697	0x01010000	DATA01.PAC	mode1-xor-deflate	595689472	324090	589824	596013562
698	0x01010000	DATA01.PAC	mode1-xor-deflate	596017152	367458	704512	596384610
699	0x01010000	DATA01.PAC	mode1-xor-deflate	596410368	48836	172032	596459204
700	0x01010000	DATA01.PAC	mode1-xor-deflate	596475904	395879	544768	596871783
701	0x01010000	DATA01.PAC	mode1-xor-deflate	596901888	419057	696320	597320945
702	0x01010000	DATA01.PAC	mode1-xor-deflate	597327872	277946	536576	597605818
703	0x01010000	DATA01.PAC	mode1-xor-deflate	597622784	144715	303104	597767499
704	0x01010000	DATA01.PAC	mode1-xor-deflate	597786624	317461	462848	598104085
705	0x01010000	DATA01.PAC	mode1-xor-deflate	598114304	438127	1347584	598552431
706	0x01010000	DATA01.PAC	mode1-xor-deflate	598573056	369249	540672	598942305
707	0x01010000	DATA01.PAC	mode1-xor-deflate	598966272	290180	552960	599256452
708	0x01010000	DATA01.PAC	mode1-xor-deflate	599261184	514896	774144	599776080
709	0x01010000	DATA01.PAC	mode1-xor-deflate	599785472	3334006	8638464	603119478
710	0x01010000	DATA01.PAC	mode1-xor-deflate	603127808	298470	704512	603426278
711	0x01010000	DATA01.PAC	mode1-xor-deflate	603455488	386238	593920	603841726
712	0x01010000	DATA01.PAC	mode1-xor-deflate	603848704	358812	552960	604207516
713	0x01010000	DATA01.PAC	mode1-xor-deflate	604209152	341241	552960	604550393
714	0x01010000	DATA01.PAC	mode1-xor-deflate	604569600	467734	1363968	605037334
715	0x01010000	DATA01.PAC	mode1-xor-deflate	605061120	370319	651264	605431439
716	0x01010000	DATA01.PAC	mode1-xor-deflate	605454336	503691	1253376	605958027
717	0x01010000	DATA01.PAC	mode1-xor-deflate	605978624	161404	413696	606140028
718	0x01010000	DATA01.PAC	mode1-xor-deflate	606142464	132647	458752	606275111
719	0x01010000	DATA01.PAC	mode1-xor-deflate	606306304	319077	643072	606625381
720	0x01010000	DATA01.PAC	mode1-xor-deflate	606633984	13550	49152	606647534
721	0x01010000	DATA01.PAC	mode1-xor-deflate	606666752	126765	200704	606793517
722	0x01010000	DATA01.PAC	mode1-xor-deflate	606797824	88289	212992	606886113
723	0x01010000	DATA01.PAC	mode1-xor-deflate	606896128	2031694	4304896	608927822
724	0x01010000	DATA01.PAC	mode1-xor-deflate	608960512	1660602	3006464	610621114
725	0x01010000	DATA01.PAC	mode1-xor-deflate	610631680	1365962	2588672	611997642
726	0x01010000	DATA01.PAC	mode1-xor-deflate	612007936	1363147	2588672	613371083
727	0x01010000	DATA01.PAC	mode1-xor-deflate	613384192	212711	557056	613596903
728	0x01010000	DATA01.PAC	mode1-xor-deflate	613613568	162176	479232	613775744
729	0x01010000	DATA01.PAC	mode1-xor-deflate	613777408	204732	532480	613982140
730	0x01010000	DATA01.PAC	mode1-xor-deflate	614006784	2752681	6078464	616759465
731	0x01010000	DATA01.PAC	mode1-xor-deflate	616792064	1935485	4190208	618727549
732	0x01010000	DATA01.PAC	mode1-xor-deflate	618758144	61813	204800	618819957
733	0x01010000	DATA01.PAC	mode1-xor-deflate	618823680	10639	57344	618834319
734	0x01010000	DATA01.PAC	mode1-xor-deflate	618856448	112881	192512	618969329
735	0x01010000	DATA01.PAC	mode1-xor-deflate	618987520	218178	503808	619205698
736	0x01010000	DATA01.PAC	mode1-xor-deflate	619216896	297389	905216	619514285
737	0x01010000	DATA01.PAC	mode1-xor-deflate	619544576	208464	409600	619753040
738	0x01010000	DATA01.PAC	mode1-xor-deflate	619773952	1530332	2469888	621304284
739	0x01010000	DATA01.PAC	mode1-xor-deflate	621314048	223140	520192	621537188
740	0x01010000	DATA01.PAC	mode1-xor-deflate	621543424	207394	569344	621750818
741	0x01010000	DATA01.PAC	mode1-xor-deflate	621772800	59525	172032	621832325
742	0x01010000	DATA01.PAC	mode1-xor-deflate	621838336	20071	421888	621858407
743	0x01010000	DATA01.PAC	mode1-xor-deflate	621871104	1740475	4448256	623611579
744	0x01010000	DATA01.PAC	mode1-xor-deflate	623640576	1867108	3727360	625507684
745	0x01010000	DATA01.PAC	mode1-xor-deflate	625508352	1108841	2613248	626617193
746	0x01010000	DATA01.PAC	mode1-xor-deflate	626622464	642232	1785856	627264696
747	0x01010000	DATA01.PAC	mode1-xor-deflate	627277824	820827	1359872	628098651
748	0x01010000	DATA01.PAC	mode1-xor-deflate	628129792	298195	602112	628427987
749	0x01010000	DATA01.PAC	mode1-xor-deflate	628457472	322679	671744	628780151
750	0x01010000	DATA01.PAC	mode1-xor-deflate	628785152	638443	1060864	629423595
751	0x01010000	DATA01.PAC	mode1-xor-deflate	629440512	625240	1036288	630065752
752	0x01010000	DATA01.PAC	mode1-xor-deflate	630095872	632479	1036288	630728351
753	0x01010000	DATA01.PAC	mode1-xor-deflate	630751232	501887	905216	631253119
754	0x01010000	DATA01.PAC	mode1-xor-deflate	631275520	499889	901120	631775409
755	0x01010000	DATA01.PAC	mode1-xor-deflate	631799808	501439	901120	632301247
756	0x01010000	DATA01.PAC	mode1-xor-deflate	632324096	1288518	1814528	633612614
757	0x01010000	DATA01.PAC	mode1-xor-deflate	633634816	1282035	1806336	634916851
758	0x01010000	DATA01.PAC	mode1-xor-deflate	634945536	1274072	1806336	636219608
759	0x01010000	DATA01.PAC	mode1-xor-deflate	636223488	107403	1835008	636330891
760	0x01010000	DATA01.PAC	mode1-xor-deflate	636354560	98953	503808	636453513
761	0x01010000	DATA01.PAC	mode1-xor-deflate	636485632	124358	2121728	636609990
762	0x01010000	DATA01.PAC	mode1-xor-deflate	636616704	246433	339968	636863137
763	0x01010000	DATA01.PAC	mode1-xor-deflate	636878848	60092	274432	636938940
764	0x01010000	DATA01.PAC	mode1-xor-deflate	636944384	2140274	5361664	639084658
765	0x01010000	DATA01.PAC	mode1-xor-deflate	639107072	196617	614400	639303689
766	0x01010000	DATA01.PAC	mode1-xor-deflate	639336448	2181236	5378048	641517684
767	0x01010000	DATA01.PAC	mode1-xor-deflate	641531904	246384	552960	641778288
768	0x01010000	DATA01.PAC	mode1-xor-deflate	641794048	2393994	4902912	644188042
769	0x01010000	DATA01.PAC	mode1-xor-deflate	644218880	210561	606208	644429441
770	0x01010000	DATA01.PAC	mode1-xor-deflate	644448256	199770	1404928	644648026
771	0x01010000	DATA01.PAC	mode1-xor-deflate	644677632	199560	614400	644877192
772	0x01010000	DATA01.PAC	mode1-xor-deflate	644907008	174978	598016	645081986
773	0x01010000	DATA01.PAC	mode1-xor-deflate	645103616	197502	741376	645301118
774	0x01010000	DATA01.PAC	mode1-xor-deflate	645332992	186135	606208	645519127
775	0x01010000	DATA01.PAC	mode1-xor-deflate	645529600	200646	634880	645730246
776	0x01010000	DATA01.PAC	mode1-xor-deflate	645758976	680770	1413120	646439746
777	0x01010000	DATA01.PAC	mode1-xor-deflate	646447104	184022	614400	646631126
778	0x01010000	DATA01.PAC	mode1-xor-deflate	646643712	215567	618496	646859279
779	0x01020000	DATA01.PAC	mode1-xor-raw	646873088	28672	28672	646901760
780	0x01010000	DATA01.PAC	mode1-xor-deflate	646905856	266979	897024	647172835
781	0x01010000	DATA01.PAC	mode1-xor-deflate	647200768	853390	2260992	648054158
782	0x01010000	DATA01.PAC	mode1-xor-deflate	648085504	1080493	4030464	649165997
783	0x01010000	DATA01.PAC	mode1-xor-deflate	649166848	64992	274432	649231840
784	0x01010000	DATA01.PAC	mode1-xor-deflate	649232384	65038	274432	649297422
785	0x01010000	DATA01.PAC	mode1-xor-deflate	649297920	59905	274432	649357825
786	0x01010000	DATA01.PAC	mode1-xor-deflate	649363456	572565	942080	649936021
787	0x01010000	DATA01.PAC	mode1-xor-deflate	649953280	51302	81920	650004582
788	0x01010000	DATA01.PAC	mode1-xor-deflate	650018816	51628	86016	650070444
789	0x01010000	DATA01.PAC	mode1-xor-deflate	650084352	2958	77824	650087310
790	0x01010000	DATA01.PAC	mode1-xor-deflate	650117120	141284	749568	650258404
791	0x01010000	DATA01.PAC	mode1-xor-deflate	650280960	88235	241664	650369195
792	0x01010000	DATA01.PAC	mode1-xor-deflate	650379264	16109	45056	650395373
793	0x01010000	DATA01.PAC	mode1-xor-deflate	650412032	25308	57456	650437340
794	0x01010000	DATA01.PAC	mode1-xor-deflate	650444800	25100	57456	650469900
795	0x01010000	DATA01.PAC	mode1-xor-deflate	650477568	20641	57456	650498209
796	0x01010000	DATA01.PAC	mode1-xor-deflate	650510336	18316	57456	650528652
797	0x01010000	DATA01.PAC	mode1-xor-deflate	650543104	20734	61440	650563838
798	0x01010000	DATA01.PAC	mode1-xor-deflate	650575872	20915	61440	650596787
799	0x01010000	DATA01.PAC	mode1-xor-deflate	650608640	17387	61440	650626027
800	0x01010000	DATA01.PAC	mode1-xor-deflate	650641408	20359	61440	650661767
801	0x01010000	DATA01.PAC	mode1-xor-deflate	650674176	20547	61440	650694723
802	0x01010000	DATA01.PAC	mode1-xor-deflate	650706944	22566	61440	650729510
803	0x01010000	DATA01.PAC	mode1-xor-deflate	650739712	18204	61440	650757916
804	0x01010000	DATA01.PAC	mode1-xor-deflate	650772480	13780	61440	650786260
805	0x01010000	DATA01.PAC	mode1-xor-deflate	650805248	21220	61440	650826468
806	0x01010000	DATA01.PAC	mode1-xor-deflate	650838016	21392	61440	650859408
807	0x01010000	DATA01.PAC	mode1-xor-deflate	650870784	22861	61440	650893645
808	0x01010000	DATA01.PAC	mode1-xor-deflate	650903552	14596	61440	650918148
809	0x01010000	DATA01.PAC	mode1-xor-deflate	650936320	18205	61440	650954525
810	0x01010000	DATA01.PAC	mode1-xor-deflate	650969088	26115	61440	650995203
811	0x01010000	DATA01.PAC	mode1-xor-deflate	651001856	26114	61440	651027970
812	0x01010000	DATA01.PAC	mode1-xor-deflate	651034624	18205	61440	651052829
813	0x01010000	DATA01.PAC	mode1-xor-deflate	651067392	10940	61440	651078332
814	0x01010000	DATA01.PAC	mode1-xor-deflate	651100160	22299	61440	651122459
815	0x01010000	DATA01.PAC	mode1-xor-deflate	651132928	19228	61440	651152156
816	0x01010000	DATA01.PAC	mode1-xor-deflate	651165696	9828	61440	651175524
817	0x01010000	DATA01.PAC	mode1-xor-deflate	651198464	15866	61440	651214330
818	0x01010000	DATA01.PAC	mode1-xor-deflate	651231232	13217	61440	651244449
819	0x01010000	DATA01.PAC	mode1-xor-deflate	651264000	26114	61440	651290114
820	0x01010000	DATA01.PAC	mode1-xor-deflate	651296768	9827	61440	651306595
821	0x01010000	DATA01.PAC	mode1-xor-deflate	651329536	10351	61440	651339887
822	0x01010000	DATA01.PAC	mode1-xor-deflate	651362304	23375	61440	651385679
823	0x01010000	DATA01.PAC	mode1-xor-deflate	651395072	10349	61440	651405421
824	0x01010000	DATA01.PAC	mode1-xor-deflate	651427840	18111	61440	651445951
825	0x01010000	DATA01.PAC	mode1-xor-deflate	651460608	15270	61440	651475878
826	0x01010000	DATA01.PAC	mode1-xor-deflate	651493376	19345	61440	651512721
827	0x01010000	DATA01.PAC	mode1-xor-deflate	651526144	12239	61440	651538383
828	0x01010000	DATA01.PAC	mode1-xor-deflate	651558912	21818	61440	651580730
829	0x01010000	DATA01.PAC	mode1-xor-deflate	651591680	12312	61440	651603992
830	0x01010000	DATA01.PAC	mode1-xor-deflate	651624448	22884	61440	651647332
831	0x01010000	DATA01.PAC	mode1-xor-deflate	651657216	12239	61440	651669455
832	0x01010000	DATA01.PAC	mode1-xor-deflate	651689984	13080	61440	651703064
833	0x01010000	DATA01.PAC	mode1-xor-deflate	651722752	13711	61440	651736463
834	0x01010000	DATA01.PAC	mode1-xor-deflate	651755520	15041	61440	651770561
835	0x01010000	DATA01.PAC	mode1-xor-deflate	651788288	13946	61440	651802234
836	0x01010000	DATA01.PAC	mode1-xor-deflate	651821056	24903	61440	651845959
837	0x01010000	DATA01.PAC	mode1-xor-deflate	651853824	18325	61440	651872149
838	0x01010000	DATA01.PAC	mode1-xor-deflate	651886592	19345	61440	651905937
839	0x01010000	DATA01.PAC	mode1-xor-deflate	651919360	18325	61440	651937685
840	0x01010000	DATA01.PAC	mode1-xor-deflate	651952128	20536	61440	651972664
841	0x01010000	DATA01.PAC	mode1-xor-deflate	651984896	16583	61440	652001479
842	0x01010000	DATA01.PAC	mode1-xor-deflate	652017664	20537	61440	652038201
843	0x01010000	DATA01.PAC	mode1-xor-deflate	652050432	10293	61440	652060725
844	0x01010000	DATA01.PAC	mode1-xor-deflate	652083200	24918	61440	652108118
845	0x01010000	DATA01.PAC	mode1-xor-deflate	652115968	12239	61440	652128207
846	0x01010000	DATA01.PAC	mode1-xor-deflate	652148736	21426	61440	652170162
847	0x01010000	DATA01.PAC	mode1-xor-deflate	652181504	15867	61440	652197371
848	0x01010000	DATA01.PAC	mode1-xor-deflate	652214272	16056	61440	652230328
849	0x01010000	DATA01.PAC	mode1-xor-deflate	652247040	449464	798720	652696504
850	0x01010000	DATA01.PAC	mode1-xor-deflate	652705792	120746	208896	652826538
851	0x01010000	DATA01.PAC	mode1-xor-deflate	652836864	128039	208896	652964903
852	0x01010000	DATA01.PAC	mode1-xor-deflate	652967936	549632	798720	653517568
853	0x01010000	DATA01.PAC	mode1-xor-deflate	653524992	573409	798720	654098401
854	0x01010000	DATA01.PAC	mode1-xor-deflate	654114816	132022	208896	654246838
855	0x01010000	DATA01.PAC	mode1-xor-deflate	654278656	542242	798720	654820898
856	0x01010000	DATA01.PAC	mode1-xor-deflate	654835712	145253	208896	654980965
857	0x01010000	DATA01.PAC	mode1-xor-deflate	654999552	506308	798720	655505860
858	0x01010000	DATA01.PAC	mode1-xor-deflate	655523840	591213	798720	656115053
859	0x01010000	DATA01.PAC	mode1-xor-deflate	656146432	127925	208896	656274357
860	0x01010000	DATA01.PAC	mode1-xor-deflate	656277504	119886	208896	656397390
861	0x01010000	DATA01.PAC	mode1-xor-deflate	656408576	535327	798720	656943903
862	0x01010000	DATA01.PAC	mode1-xor-deflate	656965632	130444	208896	657096076
863	0x01010000	DATA01.PAC	mode1-xor-deflate	657096704	523804	798720	657620508
864	0x01010000	DATA01.PAC	mode1-xor-deflate	657620992	611479	798720	658232471
865	0x01010000	DATA01.PAC	mode1-xor-deflate	658243584	601167	798720	658844751
866	0x01010000	DATA01.PAC	mode1-xor-deflate	658866176	312438	454656	659178614
867	0x01010000	DATA01.PAC	mode1-xor-deflate	659193856	143178	208896	659337034
868	0x01010000	DATA01.PAC	mode1-xor-deflate	659357696	145325	208896	659503021
869	0x01010000	DATA01.PAC	mode1-xor-deflate	659521536	416803	798720	659938339
870	0x01010000	DATA01.PAC	mode1-xor-deflate	659947520	343025	798720	660290545
871	0x01010000	DATA01.PAC	mode1-xor-deflate	660307968	566502	798720	660874470
872	0x01010000	DATA01.PAC	mode1-xor-deflate	660897792	530963	798720	661428755
873	0x01010000	DATA01.PAC	mode1-xor-deflate	661454848	139936	208896	661594784
874	0x01010000	DATA01.PAC	mode1-xor-deflate	661618688	119781	208896	661738469
875	0x01010000	DATA01.PAC	mode1-xor-deflate	661749760	157849	405504	661907609
876	0x01010000	DATA01.PAC	mode1-xor-deflate	661913600	124029	208896	662037629
877	0x01010000	DATA01.PAC	mode1-xor-deflate	662044672	506308	798720	662550980
878	0x01020000	DATA01.PAC	mode1-xor-raw	662568960	4288	4288	662573248
879	0x01020000	DATA01.PAC	mode1-xor-raw	662601728	4288	4288	662606016
880	0x01020000	DATA01.PAC	mode1-xor-raw	662634496	4288	4288	662638784
881	0x01020000	DATA01.PAC	mode1-xor-raw	662667264	4288	4288	662671552
882	0x01020000	DATA01.PAC	mode1-xor-raw	662700032	4288	4288	662704320
883	0x01020000	DATA01.PAC	mode1-xor-raw	662732800	4288	4288	662737088
884	0x01020000	DATA01.PAC	mode1-xor-raw	662765568	4288	4288	662769856
885	0x01020000	DATA01.PAC	mode1-xor-raw	662798336	4288	4288	662802624
886	0x01020000	DATA01.PAC	mode1-xor-raw	662831104	4288	4288	662835392
887	0x01020000	DATA01.PAC	mode1-xor-raw	662863872	4288	4288	662868160
888	0x01020000	DATA01.PAC	mode1-xor-raw	662896640	4288	4288	662900928
889	0x01020000	DATA01.PAC	mode1-xor-raw	662929408	4288	4288	662933696
890	0x01020000	DATA01.PAC	mode1-xor-raw	662962176	4288	4288	662966464
891	0x01020000	DATA01.PAC	mode1-xor-raw	662994944	4288	4288	662999232
892	0x01020000	DATA01.PAC	mode1-xor-raw	663027712	4288	4288	663032000
893	0x01020000	DATA01.PAC	mode1-xor-raw	663060480	4288	4288	663064768
894	0x01020000	DATA01.PAC	mode1-xor-raw	663093248	4288	4288	663097536
895	0x01020000	DATA01.PAC	mode1-xor-raw	663126016	4288	4288	663130304
896	0x01020000	DATA01.PAC	mode1-xor-raw	663158784	4288	4288	663163072
897	0x01020000	DATA01.PAC	mode1-xor-raw	663191552	4288	4288	663195840
898	0x01020000	DATA01.PAC	mode1-xor-raw	663224320	4288	4288	663228608
899	0x01020000	DATA01.PAC	mode1-xor-raw	663257088	4288	4288	663261376
900	0x01020000	DATA01.PAC	mode1-xor-raw	663289856	4288	4288	663294144
901	0x01020000	DATA01.PAC	mode1-xor-raw	663322624	4288	4288	663326912
902	0x01020000	DATA01.PAC	mode1-xor-raw	663355392	4288	4288	663359680
903	0x01020000	DATA01.PAC	mode1-xor-raw	663388160	4288	4288	663392448
904	0x01020000	DATA01.PAC	mode1-xor-raw	663420928	4288	4288	663425216
905	0x01020000	DATA01.PAC	mode1-xor-raw	663453696	4288	4288	663457984
906	0x01020000	DATA01.PAC	mode1-xor-raw	663486464	4288	4288	663490752
907	0x01020000	DATA01.PAC	mode1-xor-raw	663519232	4288	4288	663523520
908	0x01020000	DATA01.PAC	mode1-xor-raw	663552000	4288	4288	663556288
909	0x01020000	DATA01.PAC	mode1-xor-raw	663584768	4288	4288	663589056
910	0x01020000	DATA01.PAC	mode1-xor-raw	663617536	4288	4288	663621824
911	0x01020000	DATA01.PAC	mode1-xor-raw	663650304	4288	4288	663654592
912	0x01020000	DATA01.PAC	mode1-xor-raw	663683072	4288	4288	663687360
913	0x01020000	DATA01.PAC	mode1-xor-raw	663715840	4288	4288	663720128
914	0x01020000	DATA01.PAC	mode1-xor-raw	663748608	4288	4288	663752896
915	0x01020000	DATA01.PAC	mode1-xor-raw	663781376	4288	4288	663785664
916	0x01020000	DATA01.PAC	mode1-xor-raw	663814144	4288	4288	663818432
917	0x01020000	DATA01.PAC	mode1-xor-raw	663846912	4288	4288	663851200
918	0x01020000	DATA01.PAC	mode1-xor-raw	663879680	4288	4288	663883968
919	0x01020000	DATA01.PAC	mode1-xor-raw	663912448	4288	4288	663916736
920	0x01020000	DATA01.PAC	mode1-xor-raw	663945216	4288	4288	663949504
921	0x01020000	DATA01.PAC	mode1-xor-raw	663977984	4288	4288	663982272
922	0x01020000	DATA01.PAC	mode1-xor-raw	664010752	4288	4288	664015040
923	0x01020000	DATA01.PAC	mode1-xor-raw	664043520	4288	4288	664047808
924	0x01020000	DATA01.PAC	mode1-xor-raw	664076288	4288	4288	664080576
925	0x01020000	DATA01.PAC	mode1-xor-raw	664109056	52	52	664109108
